deu-enh,eng,warning,Qid_detail,,,,,,,,,,,,,,,,,,,,,,,,,,,
a gemachtz,stew,,Q2920963,,,,,,,,,,,,,,,,,,,,,,,,,,,
agres,verjuice,,Q1060458,,,,,,,,,,,,,,,,,,,,,,,,,,,
air milch,custard,,Q625825,,,,,,,,,,,,,,,,,,,,,,,,,,,
air pladt,pancake,,Q44541,,,,,,,,,,,,,,,,,,,,,,,,,,,
ayer plat,pancake,,Q44541,,,,,,,,,,,,,,,,,,,,,,,,,,,
ayr platt,pancake,,Q44541,,,,,,,,,,,,,,,,,,,,,,,,,,,
aribassen,backerbse,,Q319800,,,,,,,,,,,,,,,,,,,,,,,,,,,
bachem,pastry,,Q477248,,,,,,,,,,,,,,,,,,,,,,,,,,,
baches,pastry,warningPOS,Q477248,,,,,,,,,,,,,,,,,,,,,,,,,,,
bastede,pie,,Q13360264,,,,,,,,,,,,,,,,,,,,,,,,,,,
basteden,pie,,Q13360264,,,,,,,,,,,,,,,,,,,,,,,,,,,
basteln,pie,,Q13360264,,,,,,,,,,,,,,,,,,,,,,,,,,,
bastent,pie,,Q13360264,,,,,,,,,,,,,,,,,,,,,,,,,,,
bastet,pie,,Q13360264,,,,,,,,,,,,,,,,,,,,,,,,,,,
basteten,pie,,Q13360264,,,,,,,,,,,,,,,,,,,,,,,,,,,
braden,roast,,Q899561,,,,,,,,,,,,,,,,,,,,,,,,,,,
bratt,roast,,Q899561,,,,,,,,,,,,,,,,,,,,,,,,,,,
beiguezz,sauce,,Q178359,,,,,,,,,,,,,,,,,,,,,,,,,,,
blamenser,Blancmange,,Q59652608,,,,,,,,,,,,,,,,,,,,,,,,,,,
blamensir,Blancmange,,Q59652608,,,,,,,,,,,,,,,,,,,,,,,,,,,
blamensier,Blancmange,,Q59652608,,,,,,,,,,,,,,,,,,,,,,,,,,,
blat,pancake,,Q44541,,,,,,,,,,,,,,,,,,,,,,,,,,,
blatt,pancake,,Q44541,,,,,,,,,,,,,,,,,,,,,,,,,,,
bleter,pancake,,Q44541,,,,,,,,,,,,,,,,,,,,,,,,,,,
bleteren,pancake,,Q44541,,,,,,,,,,,,,,,,,,,,,,,,,,,
braden,roast,,Q899561,,,,,,,,,,,,,,,,,,,,,,,,,,,
braten,roast,,Q899561,,,,,,,,,,,,,,,,,,,,,,,,,,,
bratten,roast,,Q899561,,,,,,,,,,,,,,,,,,,,,,,,,,,
brattenn,roast,,Q899561,,,,,,,,,,,,,,,,,,,,,,,,,,,
brattes,roast,,Q899561,,,,,,,,,,,,,,,,,,,,,,,,,,,
brauten,roast,,Q899561,,,,,,,,,,,,,,,,,,,,,,,,,,,
brautten,roast,,Q899561,,,,,,,,,,,,,,,,,,,,,,,,,,,
bretzen,pretzel,,Q160525,,,,,,,,,,,,,,,,,,,,,,,,,,,
brode,roast,,Q899561,,,,,,,,,,,,,,,,,,,,,,,,,,,
broden,roast,,Q899561,,,,,,,,,,,,,,,,,,,,,,,,,,,
broten,roast,,Q899561,,,,,,,,,,,,,,,,,,,,,,,,,,,
brotenn,roast,,Q899561,,,,,,,,,,,,,,,,,,,,,,,,,,,
brott wurst,bratwurst,,Q899882,,,,,,,,,,,,,,,,,,,,,,,,,,,
bruwe,sauce,,Q178359,,,,,,,,,,,,,,,,,,,,,,,,,,,
bry,puree,,Q636056,,,,,,,,,,,,,,,,,,,,,,,,,,,
brye,puree,,Q636056,,,,,,,,,,,,,,,,,,,,,,,,,,,
burst,sausage,,Q131419,,,,,,,,,,,,,,,,,,,,,,,,,,,
carpfenn,fried dumpling,,Q2282540,,,,,,,,,,,,,,,,,,,,,,,,,,,
cesaendel,sauce,,Q178359,,,,,,,,,,,,,,,,,,,,,,,,,,,
cesaenel,sauce,,Q178359,,,,,,,,,,,,,,,,,,,,,,,,,,,
cesaeenl,sauce,,Q178359,,,,,,,,,,,,,,,,,,,,,,,,,,,
chas,cheese analogue,warningKONTEXT,Q1568226,,,,,,,,,,,,,,,,,,,,,,,,,,,
chaes,cheese analogue,warningKONTEXT,Q1568226,,,,,,,,,,,,,,,,,,,,,,,,,,,
ches,cheese analogue,warningKONTEXT,Q1568226,,,,,,,,,,,,,,,,,,,,,,,,,,,
chnoblauchsals,garlic sauce,,Q13744457,,,,,,,,,,,,,,,,,,,,,,,,,,,
chnodel,dumpling,,Q158382,,,,,,,,,,,,,,,,,,,,,,,,,,,
choch,cake,,Q13276,,,,,,,,,,,,,,,,,,,,,,,,,,,
chochel,semolina pudding,,Q257971,,,,,,,,,,,,,,,,,,,,,,,,,,,
chodel,unsolved,,Q0,,,,,,,,,,,,,,,,,,,,,,,,,,,
chraepfel,fried dumpling,,Q2282540,,,,,,,,,,,,,,,,,,,,,,,,,,,
chraeppfell,fried dumpling,,Q2282540,,,,,,,,,,,,,,,,,,,,,,,,,,,
chrappfel,fried dumpling,,Q2282540,,,,,,,,,,,,,,,,,,,,,,,,,,,
chrapfen,fried dumpling,,Q2282540,,,,,,,,,,,,,,,,,,,,,,,,,,,
chrapffen,fried dumpling,,Q2282540,,,,,,,,,,,,,,,,,,,,,,,,,,,
chrappfell,fried dumpling,,Q2282540,,,,,,,,,,,,,,,,,,,,,,,,,,,
chrappfen,fried dumpling,,Q2282540,,,,,,,,,,,,,,,,,,,,,,,,,,,
chrappfhell,fried dumpling,,Q2282540,,,,,,,,,,,,,,,,,,,,,,,,,,,
chrapphell,fried dumpling,,Q2282540,,,,,,,,,,,,,,,,,,,,,,,,,,,
chrapphen,fried dumpling,,Q2282540,,,,,,,,,,,,,,,,,,,,,,,,,,,
chrephel,fried dumpling,,Q2282540,,,,,,,,,,,,,,,,,,,,,,,,,,,
chrephlein,fried dumpling,,Q2282540,,,,,,,,,,,,,,,,,,,,,,,,,,,
chreph lein,fried dumpling,,Q2282540,,,,,,,,,,,,,,,,,,,,,,,,,,,
chropflin,fried dumpling,,Q2282540,,,,,,,,,,,,,,,,,,,,,,,,,,,
chuchel,cake,,Q13276,,,,,,,,,,,,,,,,,,,,,,,,,,,
chuchen,cake,,Q13276,,,,,,,,,,,,,,,,,,,,,,,,,,,
chuchlen,cake,,Q13276,,,,,,,,,,,,,,,,,,,,,,,,,,,
chuchlin,cake,,Q13276,,,,,,,,,,,,,,,,,,,,,,,,,,,
chuech,cake,,Q13276,,,,,,,,,,,,,,,,,,,,,,,,,,,
chuechel,cake,,Q13276,,,,,,,,,,,,,,,,,,,,,,,,,,,
chuechell,cake,,Q13276,,,,,,,,,,,,,,,,,,,,,,,,,,,
chuechen,cake,,Q13276,,,,,,,,,,,,,,,,,,,,,,,,,,,
chueech,cake,,Q13276,,,,,,,,,,,,,,,,,,,,,,,,,,,
chueechel,cake,,Q13276,,,,,,,,,,,,,,,,,,,,,,,,,,,
chueechen,cake,,Q13276,,,,,,,,,,,,,,,,,,,,,,,,,,,
chuchlein,cake,,Q13276,,,,,,,,,,,,,,,,,,,,,,,,,,,
codiment,sauce,,Q178359,,,,,,,,,,,,,,,,,,,,,,,,,,,
condimentelin,sauce,,Q178359,,,,,,,,,,,,,,,,,,,,,,,,,,,
codimenten,sauce,,Q178359,,,,,,,,,,,,,,,,,,,,,,,,,,,
compestkrude,sauerkraut,,Q154166,,,,,,,,,,,,,,,,,,,,,,,,,,,
compostmangolt,sauerkraut,,Q154166,,,,,,,,,,,,,,,,,,,,,,,,,,,
compos,pickle,,Q1503784,,,,,,,,,,,,,,,,,,,,,,,,,,,
condament,sauce,,Q178359,,,,,,,,,,,,,,,,,,,,,,,,,,,
condiment,sauce,,Q178359,,,,,,,,,,,,,,,,,,,,,,,,,,,
condimente,sauce,,Q178359,,,,,,,,,,,,,,,,,,,,,,,,,,,
condimenten,sauce,,Q178359,,,,,,,,,,,,,,,,,,,,,,,,,,,
condimenter,sauce,,Q178359,,,,,,,,,,,,,,,,,,,,,,,,,,,
condimentes,sauce,,Q178359,,,,,,,,,,,,,,,,,,,,,,,,,,,
condimentlin,sauce,,Q178359,,,,,,,,,,,,,,,,,,,,,,,,,,,
condimentt,sauce,,Q178359,,,,,,,,,,,,,,,,,,,,,,,,,,,
condinent,sauce,,Q178359,,,,,,,,,,,,,,,,,,,,,,,,,,,
confect,dosage form,,Q718608,,,,,,,,,,,,,,,,,,,,,,,,,,,
confectien,dosage form,,Q718608,,,,,,,,,,,,,,,,,,,,,,,,,,,
confectt,dosage form,,Q718608,,,,,,,,,,,,,,,,,,,,,,,,,,,
confectenn,dosage form,,Q718608,,,,,,,,,,,,,,,,,,,,,,,,,,,
confectum,dosage form,,Q718608,,,,,,,,,,,,,,,,,,,,,,,,,,,
creppelin,fried dumpling,,Q2282540,,,,,,,,,,,,,,,,,,,,,,,,,,,
crepphen,fried dumpling,,Q2282540,,,,,,,,,,,,,,,,,,,,,,,,,,,
croßayer,Krosegg,,Q0,,,,,,,,,,,,,,,,,,,,,,,,,,,
cumpost,pickle,,Q1503784,,,,,,,,,,,,,,,,,,,,,,,,,,,
cyger,cheese analogue,warningKONTEXT,Q1568226,,,,,,,,,,,,,,,,,,,,,,,,,,,
cygern,cheese analogue,warningKONTEXT,Q1568226,,,,,,,,,,,,,,,,,,,,,,,,,,,
czesaedel,sauce,,Q178359,,,,,,,,,,,,,,,,,,,,,,,,,,,
czesaeendel,sauce,,Q178359,,,,,,,,,,,,,,,,,,,,,,,,,,,
czesaenl,sauce,,Q178359,,,,,,,,,,,,,,,,,,,,,,,,,,,
czesaeenl,sauce,,Q178359,,,,,,,,,,,,,,,,,,,,,,,,,,,
czeseinbel,sauce,,Q178359,,,,,,,,,,,,,,,,,,,,,,,,,,,
cziger,cheese analogue,warningKONTEXT,Q1568226,,,,,,,,,,,,,,,,,,,,,,,,,,,
czisseinlen,sauce,,Q178359,,,,,,,,,,,,,,,,,,,,,,,,,,,
czisennlein,sauce,,Q178359,,,,,,,,,,,,,,,,,,,,,,,,,,,
czuger,cheese analogue,warningKONTEXT,Q1568226,,,,,,,,,,,,,,,,,,,,,,,,,,,
czyger,cheese analogue,warningKONTEXT,Q1568226,,,,,,,,,,,,,,,,,,,,,,,,,,,
czyseindel,sauce,,Q178359,,,,,,,,,,,,,,,,,,,,,,,,,,,
dorten,flat cake,,Q0,,,,,,,,,,,,,,,,,,,,,,,,,,,
dortten,flat cake,,Q0,,,,,,,,,,,,,,,,,,,,,,,,,,,
druessern,puree,,Q636056,,,,,,,,,,,,,,,,,,,,,,,,,,,
durden,quiche,,Q722595,,,,,,,,,,,,,,,,,,,,,,,,,,,
einhallatlin,unsolved,,Q0,,,,,,,,,,,,,,,,,,,,,,,,,,,
element,unsolved,,Q0,,,,,,,,,,,,,,,,,,,,,,,,,,,
faruellen,fried pastry,,Q5503624,,,,,,,,,,,,,,,,,,,,,,,,,,,
faruollen,fried pastry,,Q5503624,,,,,,,,,,,,,,,,,,,,,,,,,,,
fieressen,jugging,,Q2974872,,,,,,,,,,,,,,,,,,,,,,,,,,,
flade,flat cake,,Q0,,,,,,,,,,,,,,,,,,,,,,,,,,,
fladel,flat cake,,Q0,,,,,,,,,,,,,,,,,,,,,,,,,,,
fladen,flat cake,,Q0,,,,,,,,,,,,,,,,,,,,,,,,,,,
fladenn,flat cake,,Q0,,,,,,,,,,,,,,,,,,,,,,,,,,,
flad,flat cake,,Q0,,,,,,,,,,,,,,,,,,,,,,,,,,,
flaedly,flat cake,,Q0,,,,,,,,,,,,,,,,,,,,,,,,,,,
flaedlin,flat cake,,Q0,,,,,,,,,,,,,,,,,,,,,,,,,,,
fleidlin,flat cake,,Q0,,,,,,,,,,,,,,,,,,,,,,,,,,,
fledlin,flat cake,,Q0,,,,,,,,,,,,,,,,,,,,,,,,,,,
frittell,fried pastry,,Q5503624,,,,,,,,,,,,,,,,,,,,,,,,,,,
frittellnn,fried pastry,,Q5503624,,,,,,,,,,,,,,,,,,,,,,,,,,,
furherss,jugging,,Q2974872,,,,,,,,,,,,,,,,,,,,,,,,,,,
fuerhesz,jugging,,Q2974872,,,,,,,,,,,,,,,,,,,,,,,,,,,
fuerhezs,jugging,,Q2974872,,,,,,,,,,,,,,,,,,,,,,,,,,,
furhes,jugging,,Q2974872,,,,,,,,,,,,,,,,,,,,,,,,,,,
furheß,jugging,,Q2974872,,,,,,,,,,,,,,,,,,,,,,,,,,,
fuerhesß,jugging,,Q2974872,,,,,,,,,,,,,,,,,,,,,,,,,,,
fuer hess,jugging,,Q2974872,,,,,,,,,,,,,,,,,,,,,,,,,,,
fur hess,jugging,,Q2974872,,,,,,,,,,,,,,,,,,,,,,,,,,,
furhess,jugging,,Q2974872,,,,,,,,,,,,,,,,,,,,,,,,,,,
furhesss,jugging,,Q2974872,,,,,,,,,,,,,,,,,,,,,,,,,,,
furhesz,jugging,,Q2974872,,,,,,,,,,,,,,,,,,,,,,,,,,,
furhezs,jugging,,Q2974872,,,,,,,,,,,,,,,,,,,,,,,,,,,
fuerhes,jugging,,Q2974872,,,,,,,,,,,,,,,,,,,,,,,,,,,
fuerhess,jugging,,Q2974872,,,,,,,,,,,,,,,,,,,,,,,,,,,
fuerhessen,jugging,,Q2974872,,,,,,,,,,,,,,,,,,,,,,,,,,,
fugaczen,fried dumpling,,Q2282540,,,,,,,,,,,,,,,,,,,,,,,,,,,
gabraid,aspic,warningKONTEXT,Q837480,,,,,,,,,,,,,,,,,,,,,,,,,,,
gabraide,aspic,warningKONTEXT,Q837480,,,,,,,,,,,,,,,,,,,,,,,,,,,
galdrat,aspic,warningKONTEXT,Q837480,,,,,,,,,,,,,,,,,,,,,,,,,,,
gall,aspic,warningKONTEXT,Q837480,,,,,,,,,,,,,,,,,,,,,,,,,,,
gallementum,aspic,warningKONTEXT,Q837480,,,,,,,,,,,,,,,,,,,,,,,,,,,
galentein,aspic,warningKONTEXT,Q837480,,,,,,,,,,,,,,,,,,,,,,,,,,,
galentin,aspic,warningKONTEXT,Q837480,,,,,,,,,,,,,,,,,,,,,,,,,,,
gallentin,aspic,warningKONTEXT,Q837480,,,,,,,,,,,,,,,,,,,,,,,,,,,
galhartt,aspic,warningKONTEXT,Q837480,,,,,,,,,,,,,,,,,,,,,,,,,,,
galrein,aspic,warningKONTEXT,Q837480,,,,,,,,,,,,,,,,,,,,,,,,,,,
gallran,aspic,warningKONTEXT,Q837480,,,,,,,,,,,,,,,,,,,,,,,,,,,
gallren,aspic,warningKONTEXT,Q837480,,,,,,,,,,,,,,,,,,,,,,,,,,,
gallrenn,aspic,warningKONTEXT,Q837480,,,,,,,,,,,,,,,,,,,,,,,,,,,
galradt,aspic,warningKONTEXT,Q837480,,,,,,,,,,,,,,,,,,,,,,,,,,,
gal radt,aspic,warningKONTEXT,Q837480,,,,,,,,,,,,,,,,,,,,,,,,,,,
galrad,aspic,warningKONTEXT,Q837480,,,,,,,,,,,,,,,,,,,,,,,,,,,
galraenn,aspic,warningKONTEXT,Q837480,,,,,,,,,,,,,,,,,,,,,,,,,,,
gallraein,aspic,warningKONTEXT,Q837480,,,,,,,,,,,,,,,,,,,,,,,,,,,
galraid,aspic,warningKONTEXT,Q837480,,,,,,,,,,,,,,,,,,,,,,,,,,,
galraidt,aspic,warningKONTEXT,Q837480,,,,,,,,,,,,,,,,,,,,,,,,,,,
galrain,aspic,warningKONTEXT,Q837480,,,,,,,,,,,,,,,,,,,,,,,,,,,
galray,aspic,warningKONTEXT,Q837480,,,,,,,,,,,,,,,,,,,,,,,,,,,
galreid,aspic,warningKONTEXT,Q837480,,,,,,,,,,,,,,,,,,,,,,,,,,,
galreinen,aspic,warningKONTEXT,Q837480,,,,,,,,,,,,,,,,,,,,,,,,,,,
galreit,aspic,warningKONTEXT,Q837480,,,,,,,,,,,,,,,,,,,,,,,,,,,
galrey,aspic,warningKONTEXT,Q837480,,,,,,,,,,,,,,,,,,,,,,,,,,,
galrait,aspic,warningKONTEXT,Q837480,,,,,,,,,,,,,,,,,,,,,,,,,,,
galraitt,aspic,warningKONTEXT,Q837480,,,,,,,,,,,,,,,,,,,,,,,,,,,
galram,aspic,warningKONTEXT,Q837480,,,,,,,,,,,,,,,,,,,,,,,,,,,
galrat,aspic,warningKONTEXT,Q837480,,,,,,,,,,,,,,,,,,,,,,,,,,,
galler,aspic,warningKONTEXT,Q837480,,,,,,,,,,,,,,,,,,,,,,,,,,,
gallrat,aspic,warningKONTEXT,Q837480,,,,,,,,,,,,,,,,,,,,,,,,,,,
gallrait,aspic,warningKONTEXT,Q837480,,,,,,,,,,,,,,,,,,,,,,,,,,,
gallratt,aspic,warningKONTEXT,Q837480,,,,,,,,,,,,,,,,,,,,,,,,,,,
galratt,aspic,warningKONTEXT,Q837480,,,,,,,,,,,,,,,,,,,,,,,,,,,
galredt,aspic,warningKONTEXT,Q837480,,,,,,,,,,,,,,,,,,,,,,,,,,,
galraydt,aspic,warningKONTEXT,Q837480,,,,,,,,,,,,,,,,,,,,,,,,,,,
gallrien,aspic,warningKONTEXT,Q837480,,,,,,,,,,,,,,,,,,,,,,,,,,,
geislicz,sauce,,Q178359,,,,,,,,,,,,,,,,,,,,,,,,,,,
gebaches,pastry,,Q477248,,,,,,,,,,,,,,,,,,,,,,,,,,,
gebachens,pastry,,Q477248,,,,,,,,,,,,,,,,,,,,,,,,,,,
gebachenns,pastry,,Q477248,,,,,,,,,,,,,,,,,,,,,,,,,,,
gebackenes,pastry,warningPOS,Q477248,,,,,,,,,,,,,,,,,,,,,,,,,,,
gebackenn,pastry,warningPOS,Q477248,,,,,,,,,,,,,,,,,,,,,,,,,,,
gebackens,pastry,warningPOS,Q477248,,,,,,,,,,,,,,,,,,,,,,,,,,,
gebackenz,pastry,,Q477248,,,,,,,,,,,,,,,,,,,,,,,,,,,
geback,pastry,,Q477248,,,,,,,,,,,,,,,,,,,,,,,,,,,
gebacks,pastry,,Q477248,,,,,,,,,,,,,,,,,,,,,,,,,,,
gebraten,roast,,Q899561,,,,,,,,,,,,,,,,,,,,,,,,,,,
gebratenn,roast,,Q899561,,,,,,,,,,,,,,,,,,,,,,,,,,,
gebrattens,roast,,Q899561,,,,,,,,,,,,,,,,,,,,,,,,,,,
gebrates,roast,,Q899561,,,,,,,,,,,,,,,,,,,,,,,,,,,
gebrattes,roast,,Q899561,,,,,,,,,,,,,,,,,,,,,,,,,,,
geischlicz,sauce,,Q178359,,,,,,,,,,,,,,,,,,,,,,,,,,,
gekuech,pastry,,Q477248,,,,,,,,,,,,,,,,,,,,,,,,,,,
gelbs prule,yellow sauce,,Q178359,,,,,,,,,,,,,,,,,,,,,,,,,,,
gepratens,roast,,Q899561,,,,,,,,,,,,,,,,,,,,,,,,,,,
geprattens,roast,,Q899561,,,,,,,,,,,,,,,,,,,,,,,,,,,
gemaechts,stew,,Q2920963,,,,,,,,,,,,,,,,,,,,,,,,,,,
gemeuß,puree,,Q636056,,,,,,,,,,,,,,,,,,,,,,,,,,,
gemues,puree,,Q636056,,,,,,,,,,,,,,,,,,,,,,,,,,,
gemueesz,puree,,Q636056,,,,,,,,,,,,,,,,,,,,,,,,,,,
gemuesze,puree,,Q636056,,,,,,,,,,,,,,,,,,,,,,,,,,,
gemües,puree,,Q636056,,,,,,,,,,,,,,,,,,,,,,,,,,,
gemueß,puree,,Q636056,,,,,,,,,,,,,,,,,,,,,,,,,,,
gemueesß,puree,,Q636056,,,,,,,,,,,,,,,,,,,,,,,,,,,
gemuees,puree,,Q636056,,,,,,,,,,,,,,,,,,,,,,,,,,,
gemueeß,puree,,Q636056,,,,,,,,,,,,,,,,,,,,,,,,,,,
gemueisze,puree,,Q636056,,,,,,,,,,,,,,,,,,,,,,,,,,,
gemuesß,puree,,Q636056,,,,,,,,,,,,,,,,,,,,,,,,,,,
gemueszs,puree,,Q636056,,,,,,,,,,,,,,,,,,,,,,,,,,,
gemüess,puree,,Q636056,,,,,,,,,,,,,,,,,,,,,,,,,,,
gemuoss,puree,,Q636056,,,,,,,,,,,,,,,,,,,,,,,,,,,
gemuoß,puree,,Q636056,,,,,,,,,,,,,,,,,,,,,,,,,,,
gemuosz,puree,,Q636056,,,,,,,,,,,,,,,,,,,,,,,,,,,
gemus,puree,,Q636056,,,,,,,,,,,,,,,,,,,,,,,,,,,
gemüse,puree,,Q636056,,,,,,,,,,,,,,,,,,,,,,,,,,,
gemuss,puree,,Q636056,,,,,,,,,,,,,,,,,,,,,,,,,,,
gemuß,puree,,Q636056,,,,,,,,,,,,,,,,,,,,,,,,,,,
gemüß,puree,,Q636056,,,,,,,,,,,,,,,,,,,,,,,,,,,
gemüße,puree,,Q636056,,,,,,,,,,,,,,,,,,,,,,,,,,,
gemuesze,puree,,Q636056,,,,,,,,,,,,,,,,,,,,,,,,,,,
gemuess,puree,,Q636056,,,,,,,,,,,,,,,,,,,,,,,,,,,
gemueess,puree,,Q636056,,,,,,,,,,,,,,,,,,,,,,,,,,,
gemuesz,puree,,Q636056,,,,,,,,,,,,,,,,,,,,,,,,,,,
gemuez,puree,,Q636056,,,,,,,,,,,,,,,,,,,,,,,,,,,
gemueez,puree,,Q636056,,,,,,,,,,,,,,,,,,,,,,,,,,,
gemusze,puree,,Q636056,,,,,,,,,,,,,,,,,,,,,,,,,,,
gebache,pastry,warningPOS,Q477248,,,,,,,,,,,,,,,,,,,,,,,,,,,
gepacheins,pastry,warningPOS,Q477248,,,,,,,,,,,,,,,,,,,,,,,,,,,
gepachen,pastry,warningPOS,Q477248,,,,,,,,,,,,,,,,,,,,,,,,,,,
gepachens,pastry,warningPOS,Q477248,,,,,,,,,,,,,,,,,,,,,,,,,,,
gepachem,pastry,warningPOS,Q477248,,,,,,,,,,,,,,,,,,,,,,,,,,,
gepachenns,pastry,warningPOS,Q477248,,,,,,,,,,,,,,,,,,,,,,,,,,,
gepackemm,pastry,warningPOS,Q477248,,,,,,,,,,,,,,,,,,,,,,,,,,,
gepocheß,pastry,warningPOS,Q477248,,,,,,,,,,,,,,,,,,,,,,,,,,,
gepratenn,roast,warningPOS,Q899561,,,,,,,,,,,,,,,,,,,,,,,,,,,
gepressten essen,pressed food,,Q0,,,,,,,,,,,,,,,,,,,,,,,,,,,
geprests,pressed food,,Q0,,,,,,,,,,,,,,,,,,,,,,,,,,,
geprescz,aspic,,Q837480,,,,,,,,,,,,,,,,,,,,,,,,,,,
gebrod,roast,,Q899560,,,,,,,,,,,,,,,,,,,,,,,,,,,
gebrods,roast,,Q899560,,,,,,,,,,,,,,,,,,,,,,,,,,,
geprotens,roast,,Q899561,,,,,,,,,,,,,,,,,,,,,,,,,,,
geprotns,roast,,Q899561,,,,,,,,,,,,,,,,,,,,,,,,,,,
gestossens,puree,,Q636056,,,,,,,,,,,,,,,,,,,,,,,,,,,
gestozzens,puree,,Q636056,,,,,,,,,,,,,,,,,,,,,,,,,,,
gesuepp,sauce,,Q178359,,,,,,,,,,,,,,,,,,,,,,,,,,,
getranck,drink,,Q40050,,,,,,,,,,,,,,,,,,,,,,,,,,,
getrankch,drink,,Q40050,,,,,,,,,,,,,,,,,,,,,,,,,,,
getrencke,drink,,Q40050,,,,,,,,,,,,,,,,,,,,,,,,,,,
getrencken,drink,,Q40050,,,,,,,,,,,,,,,,,,,,,,,,,,,
geweichcz,unsolved,,Q0,,,,,,,,,,,,,,,,,,,,,,,,,,,
geislicz,sauce,,Q178359,,,,,,,,,,,,,,,,,,,,,,,,,,,
geiszlitz,sauce,,Q178359,,,,,,,,,,,,,,,,,,,,,,,,,,,
geyczlicz,sauce,,Q178359,,,,,,,,,,,,,,,,,,,,,,,,,,,
geyslicz,sauce,,Q178359,,,,,,,,,,,,,,,,,,,,,,,,,,,
geyszlicz,sauce,,Q178359,,,,,,,,,,,,,,,,,,,,,,,,,,,
geysslicz,sauce,,Q178359,,,,,,,,,,,,,,,,,,,,,,,,,,,
geysslycz,sauce,,Q178359,,,,,,,,,,,,,,,,,,,,,,,,,,,
geweichten,soft food,,Q0,,,,,,,,,,,,,,,,,,,,,,,,,,,
geweichts,soft food,,Q0,,,,,,,,,,,,,,,,,,,,,,,,,,,
gleilicz,sauce,,Q178359,,,,,,,,,,,,,,,,,,,,,,,,,,,
gmues,puree,,Q636056,,,,,,,,,,,,,,,,,,,,,,,,,,,
gmües,puree,,Q636056,,,,,,,,,,,,,,,,,,,,,,,,,,,
gmuees,puree,,Q636056,,,,,,,,,,,,,,,,,,,,,,,,,,,
gmuess,puree,,Q636056,,,,,,,,,,,,,,,,,,,,,,,,,,,
gmueß,puree,,Q636056,,,,,,,,,,,,,,,,,,,,,,,,,,,
gmueess,puree,,Q636056,,,,,,,,,,,,,,,,,,,,,,,,,,,
gmüess,puree,,Q636056,,,,,,,,,,,,,,,,,,,,,,,,,,,
gmus,puree,,Q636056,,,,,,,,,,,,,,,,,,,,,,,,,,,
gmuss,puree,,Q636056,,,,,,,,,,,,,,,,,,,,,,,,,,,
gmuß,puree,,Q636056,,,,,,,,,,,,,,,,,,,,,,,,,,,
gmüss,puree,,Q636056,,,,,,,,,,,,,,,,,,,,,,,,,,,
griennen suppen,green sauce,,Q178359,,,,,,,,,,,,,,,,,,,,,,,,,,,
gumpost,pickle,,Q1503784,,,,,,,,,,,,,,,,,,,,,,,,,,,
gumpst krautt,sauerkraut,,Q154166,,,,,,,,,,,,,,,,,,,,,,,,,,,
hafen bratten,unsolved,,Q0,,,,,,,,,,,,,,,,,,,,,,,,,,,
hafenbraten,unsolved,,Q0,,,,,,,,,,,,,,,,,,,,,,,,,,,
halpraten,hollow roast,,Q0,,,,,,,,,,,,,,,,,,,,,,,,,,,
hallpraten,hollow roast,,Q0,,,,,,,,,,,,,,,,,,,,,,,,,,,
hals pandt,necklace,,Q0,,,,,,,,,,,,,,,,,,,,,,,,,,,
hasen orlin,fried dough food,,Q1409247,,,,,,,,,,,,,,,,,,,,,,,,,,,
holbraotten,hollow roast,,Q0,,,,,,,,,,,,,,,,,,,,,,,,,,,
holbrattenn,hollow roast,,Q0,,,,,,,,,,,,,,,,,,,,,,,,,,,
holbrattenn,hollow roast,,Q0,,,,,,,,,,,,,,,,,,,,,,,,,,,
holbroden,hollow roast,,Q0,,,,,,,,,,,,,,,,,,,,,,,,,,,
holbroeten,hollow roast,,Q0,,,,,,,,,,,,,,,,,,,,,,,,,,,
hollahippen,krumkake,,Q694022,,,,,,,,,,,,,,,,,,,,,,,,,,,
hollpraten,hollow roast,,Q0,,,,,,,,,,,,,,,,,,,,,,,,,,,
hollpratten,hollow roast,,Q0,,,,,,,,,,,,,,,,,,,,,,,,,,,
holpraten,hollow roast,,Q0,,,,,,,,,,,,,,,,,,,,,,,,,,,
ingemachts,stew,,Q2920963,,,,,,,,,,,,,,,,,,,,,,,,,,,
in gemachtz,stew,,Q2920963,,,,,,,,,,,,,,,,,,,,,,,,,,,
kaes,cheese analogue,,Q1568226,,,,,,,,,,,,,,,,,,,,,,,,,,,
kaes brue,cheese soup,,Q4448062,,,,,,,,,,,,,,,,,,,,,,,,,,,
kaesß brue,cheese soup,,Q4448062,,,,,,,,,,,,,,,,,,,,,,,,,,,
kaeß,cheese analogue,,Q1568226,,,,,,,,,,,,,,,,,,,,,,,,,,,
kaeesz,cheese analogue,,Q1568226,,,,,,,,,,,,,,,,,,,,,,,,,,,
kaesz,cheese analogue,warningKONTEXT,Q1568226,,,,,,,,,,,,,,,,,,,,,,,,,,,
kauduement,sauce,,Q178359,,,,,,,,,,,,,,,,,,,,,,,,,,,
kes,cheese analogue,warningKONTEXT,Q1568226,,,,,,,,,,,,,,,,,,,,,,,,,,,
keß brue,cheese soup,,Q4448062,,,,,,,,,,,,,,,,,,,,,,,,,,,
kichlin,cake,,Q13276,,,,,,,,,,,,,,,,,,,,,,,,,,,
kickle,cake,,Q13276,,,,,,,,,,,,,,,,,,,,,,,,,,,
kiechlen,cake,,Q13276,,,,,,,,,,,,,,,,,,,,,,,,,,,
kiechlin,cake,,Q13276,,,,,,,,,,,,,,,,,,,,,,,,,,,
knodel,dumpling,,Q158382,,,,,,,,,,,,,,,,,,,,,,,,,,,
knodelen,dumpling,,Q158382,,,,,,,,,,,,,,,,,,,,,,,,,,,
knodlein,dumpling,,Q158382,,,,,,,,,,,,,,,,,,,,,,,,,,,
knodlin,dumpling,,Q158382,,,,,,,,,,,,,,,,,,,,,,,,,,,
knodlen,dumpling,,Q158382,,,,,,,,,,,,,,,,,,,,,,,,,,,
knoeblach,dumpling,,Q158382,,,,,,,,,,,,,,,,,,,,,,,,,,,
knoedel,dumpling,,Q158382,,,,,,,,,,,,,,,,,,,,,,,,,,,
knoedlein,dumpling,,Q158382,,,,,,,,,,,,,,,,,,,,,,,,,,,
knoepflach,dumpling,,Q158382,,,,,,,,,,,,,,,,,,,,,,,,,,,
knoeppfflin,dumpling,,Q158382,,,,,,,,,,,,,,,,,,,,,,,,,,,
knoetlen,dumpling,,Q158382,,,,,,,,,,,,,,,,,,,,,,,,,,,
kass,cheese analogue,,Q1568226,,,,,,,,,,,,,,,,,,,,,,,,,,,
keas,cheese analogue,warningKONTEXT,Q1568226,,,,,,,,,,,,,,,,,,,,,,,,,,,
kephel,fried dumpling,,Q2282540,,,,,,,,,,,,,,,,,,,,,,,,,,,
koephel,fried dumpling,,Q2282540,,,,,,,,,,,,,,,,,,,,,,,,,,,
kraeppfell,fried dumpling,,Q2282540,,,,,,,,,,,,,,,,,,,,,,,,,,,
kraeppfflein,fried dumpling,,Q2282540,,,,,,,,,,,,,,,,,,,,,,,,,,,
kraephel,fried dumpling,,Q2282540,,,,,,,,,,,,,,,,,,,,,,,,,,,
kraephen,fried dumpling,,Q2282540,,,,,,,,,,,,,,,,,,,,,,,,,,,
kraepphen,fried dumpling,,Q2282540,,,,,,,,,,,,,,,,,,,,,,,,,,,
kraepphlein,fried dumpling,,Q2282540,,,,,,,,,,,,,,,,,,,,,,,,,,,
krampfen,fried dumpling,,Q2282540,,,,,,,,,,,,,,,,,,,,,,,,,,,
krapf,fried dumpling,,Q2282540,,,,,,,,,,,,,,,,,,,,,,,,,,,
krapfe,fried dumpling,,Q2282540,,,,,,,,,,,,,,,,,,,,,,,,,,,
krapffen,fried dumpling,,Q2282540,,,,,,,,,,,,,,,,,,,,,,,,,,,
krapffenn,fried dumpling,,Q2282540,,,,,,,,,,,,,,,,,,,,,,,,,,,
krapfenn,fried dumpling,,Q2282540,,,,,,,,,,,,,,,,,,,,,,,,,,,
krappfleinn,fried dumpling,,Q2282540,,,,,,,,,,,,,,,,,,,,,,,,,,,
krappfel,fried dumpling,,Q2282540,,,,,,,,,,,,,,,,,,,,,,,,,,,
krappfen,fried dumpling,,Q2282540,,,,,,,,,,,,,,,,,,,,,,,,,,,
krappfenn,fried dumpling,,Q2282540,,,,,,,,,,,,,,,,,,,,,,,,,,,
krappffen,fried dumpling,,Q2282540,,,,,,,,,,,,,,,,,,,,,,,,,,,
krappfenn,fried dumpling,,Q2282540,,,,,,,,,,,,,,,,,,,,,,,,,,,
krappffenn,fried dumpling,,Q2282540,,,,,,,,,,,,,,,,,,,,,,,,,,,
krapfen,fried dumpling,,Q2282540,,,,,,,,,,,,,,,,,,,,,,,,,,,
kraphem,fried dumpling,,Q2282540,,,,,,,,,,,,,,,,,,,,,,,,,,,
krappen,fried dumpling,,Q2282540,,,,,,,,,,,,,,,,,,,,,,,,,,,
kraphen,fried dumpling,,Q2282540,,,,,,,,,,,,,,,,,,,,,,,,,,,
krapphel,fried dumpling,,Q2282540,,,,,,,,,,,,,,,,,,,,,,,,,,,
krapphen,fried dumpling,,Q2282540,,,,,,,,,,,,,,,,,,,,,,,,,,,
krepfelin,fried dumpling,,Q2282540,,,,,,,,,,,,,,,,,,,,,,,,,,,
kreppelin,fried dumpling,,Q2282540,,,,,,,,,,,,,,,,,,,,,,,,,,,
kreppflein,fried dumpling,,Q2282540,,,,,,,,,,,,,,,,,,,,,,,,,,,
kreppfflein,fried dumpling,,Q2282540,,,,,,,,,,,,,,,,,,,,,,,,,,,
krepphe,fried dumpling,,Q2282540,,,,,,,,,,,,,,,,,,,,,,,,,,,
krepphen,fried dumpling,,Q2282540,,,,,,,,,,,,,,,,,,,,,,,,,,,
krepphenn,fried dumpling,,Q2282540,,,,,,,,,,,,,,,,,,,,,,,,,,,
kochenn,cake,,Q13276,,,,,,,,,,,,,,,,,,,,,,,,,,,
kondiment,sauce,,Q178359,,,,,,,,,,,,,,,,,,,,,,,,,,,
kuch,pastry,,Q477248,,,,,,,,,,,,,,,,,,,,,,,,,,,
kuche,cake,,Q13276,,,,,,,,,,,,,,,,,,,,,,,,,,,
kuchel,cake,,Q13276,,,,,,,,,,,,,,,,,,,,,,,,,,,
kuchelin,cake,,Q13276,,,,,,,,,,,,,,,,,,,,,,,,,,,
kuchen,cake,,Q13276,,,,,,,,,,,,,,,,,,,,,,,,,,,
kuchenn,cake,,Q13276,,,,,,,,,,,,,,,,,,,,,,,,,,,
kuchlenn,cake,,Q13276,,,,,,,,,,,,,,,,,,,,,,,,,,,
kuchlins,cake,,Q13276,,,,,,,,,,,,,,,,,,,,,,,,,,,
kuech,cake,,Q13276,,,,,,,,,,,,,,,,,,,,,,,,,,,
kuechel,cake,,Q13276,,,,,,,,,,,,,,,,,,,,,,,,,,,
kuechelen,cake,,Q13276,,,,,,,,,,,,,,,,,,,,,,,,,,,
kuechen,cake,,Q13276,,,,,,,,,,,,,,,,,,,,,,,,,,,
kuechenn,cake,,Q13276,,,,,,,,,,,,,,,,,,,,,,,,,,,
kuechelnn,cake,,Q13276,,,,,,,,,,,,,,,,,,,,,,,,,,,
kueechen,cake,,Q13276,,,,,,,,,,,,,,,,,,,,,,,,,,,
kuechelin,cake,,Q13276,,,,,,,,,,,,,,,,,,,,,,,,,,,
kuechlein,cake,,Q13276,,,,,,,,,,,,,,,,,,,,,,,,,,,
kuchlein,cake,,Q13276,,,,,,,,,,,,,,,,,,,,,,,,,,,
kuchlin,cake,,Q13276,,,,,,,,,,,,,,,,,,,,,,,,,,,
kuechin,pastry,,Q477248,,,,,,,,,,,,,,,,,,,,,,,,,,,
küchlein,cake,,Q13276,,,,,,,,,,,,,,,,,,,,,,,,,,,
kuelchen,cake,,Q13276,,,,,,,,,,,,,,,,,,,,,,,,,,,
kuelichen,cake,,Q13276,,,,,,,,,,,,,,,,,,,,,,,,,,,
kuechlin,cake,,Q13276,,,,,,,,,,,,,,,,,,,,,,,,,,,
kuechlins,cake,,Q13276,,,,,,,,,,,,,,,,,,,,,,,,,,,
kumpost,pickle,,Q1503784,,,,,,,,,,,,,,,,,,,,,,,,,,,
kunpost,pickle,,Q1503784,,,,,,,,,,,,,,,,,,,,,,,,,,,
kuochen,pastry,,Q477248,,,,,,,,,,,,,,,,,,,,,,,,,,,
kuochenn,cake,,Q13276,,,,,,,,,,,,,,,,,,,,,,,,,,,
kuochin,pastry,,Q477248,,,,,,,,,,,,,,,,,,,,,,,,,,,
lactwaerg,electuary,,Q2737588,,,,,,,,,,,,,,,,,,,,,,,,,,,
lactwerg,electuary,,Q2737588,,,,,,,,,,,,,,,,,,,,,,,,,,,
ladhueryn,electuary,,Q2737588,,,,,,,,,,,,,,,,,,,,,,,,,,,
ladtwerin,electuary,,Q2737588,,,,,,,,,,,,,,,,,,,,,,,,,,,
ladwerggen,electuary,,Q2737588,,,,,,,,,,,,,,,,,,,,,,,,,,,
laetwarg,electuary,,Q2737588,,,,,,,,,,,,,,,,,,,,,,,,,,,
laetwerg,electuary,,Q2737588,,,,,,,,,,,,,,,,,,,,,,,,,,,
lasanigen,lasagna,,Q20034,,,,,,,,,,,,,,,,,,,,,,,,,,,
lasaenigen,lasagna,,Q20034,,,,,,,,,,,,,,,,,,,,,,,,,,,
laterge,electuary,,Q2737588,,,,,,,,,,,,,,,,,,,,,,,,,,,
latwaere,electuary,,Q2737588,,,,,,,,,,,,,,,,,,,,,,,,,,,
latwargen,electuary,,Q2737588,,,,,,,,,,,,,,,,,,,,,,,,,,,
latwary,electuary,,Q2737588,,,,,,,,,,,,,,,,,,,,,,,,,,,
latwerg,electuary,,Q2737588,,,,,,,,,,,,,,,,,,,,,,,,,,,
latwerge,electuary,,Q2737588,,,,,,,,,,,,,,,,,,,,,,,,,,,
latwergen,electuary,,Q2737588,,,,,,,,,,,,,,,,,,,,,,,,,,,
latwergenn,electuary,,Q2737588,,,,,,,,,,,,,,,,,,,,,,,,,,,
lattwerge,electuary,,Q2737588,,,,,,,,,,,,,,,,,,,,,,,,,,,
lattwergen,electuary,,Q2737588,,,,,,,,,,,,,,,,,,,,,,,,,,,
lattwergenn,electuary,,Q2737588,,,,,,,,,,,,,,,,,,,,,,,,,,,
latczwerig,electuary,,Q2737588,,,,,,,,,,,,,,,,,,,,,,,,,,,
latwerig,electuary,,Q2737588,,,,,,,,,,,,,,,,,,,,,,,,,,,
lattwerig,electuary,,Q2737588,,,,,,,,,,,,,,,,,,,,,,,,,,,
lattwerin,electuary,,Q2737588,,,,,,,,,,,,,,,,,,,,,,,,,,,
lattwering,electuary,,Q2737588,,,,,,,,,,,,,,,,,,,,,,,,,,,
latwarig,electuary,,Q2737588,,,,,,,,,,,,,,,,,,,,,,,,,,,
latweren,electuary,,Q2737588,,,,,,,,,,,,,,,,,,,,,,,,,,,
lat waerin,electuary,,Q2737588,,,,,,,,,,,,,,,,,,,,,,,,,,,
latwaerin,electuary,,Q2737588,,,,,,,,,,,,,,,,,,,,,,,,,,,
latwaerrin,electuary,,Q2737588,,,,,,,,,,,,,,,,,,,,,,,,,,,
latwery,electuary,,Q2737588,,,,,,,,,,,,,,,,,,,,,,,,,,,
lazanien,lasagna,,Q20034,,,,,,,,,,,,,,,,,,,,,,,,,,,
lazanigen,lasagna,,Q20034,,,,,,,,,,,,,,,,,,,,,,,,,,,
ledtwaring,electuary,,Q2737588,,,,,,,,,,,,,,,,,,,,,,,,,,,
letzelten,gingerbread,,Q178600,, ,,, , , , , , ,,, , ,,,,,,,,,,,, , 
iuessel,sauce,,Q178359,,,,,,,,,,,,,,,,,,,,,,,,,,,
juessel,sauce,,Q178359,,,,,,,,,,,,,,,,,,,,,,,,,,,
jusel,sauce,,Q178359,,,,,,,,,,,,,,,,,,,,,,,,,,,
jussel,sauce,,Q178359,,,,,,,,,,,,,,,,,,,,,,,,,,,
maendling,fried dumpling,,Q2282540,,,,,,,,,,,,,,,,,,,,,,,,,,,
maezz,puree,,Q636056,,,,,,,,,,,,,,,,,,,,,,,,,,,
marcipan,marzipan,,Q106252,,,,,,,,,,,,,,,,,,,,,,,,,,,
marzepan,marzipan,,Q106252,,,,,,,,,,,,,,,,,,,,,,,,,,,
mauss,puree,,Q636056,,,,,,,,,,,,,,,,,,,,,,,,,,,
met,mead,,Q184442,,,,,,,,,,,,,,,,,,,,,,,,,,,
mete,mead,,Q184442,,,,,,,,,,,,,,,,,,,,,,,,,,,
mett,mead,,Q184442,,,,,,,,,,,,,,,,,,,,,,,,,,,
muelpraten,unsolved,,Q0,,,,,,,,,,,,,,,,,,,,,,,,,,,
mueesz,puree,,Q636056,,,,,,,,,,,,,,,,,,,,,,,,,,,
mues,puree,warningPOS,Q636056,,,,,,,,,,,,,,,,,,,,,,,,,,,
muesel,puree,,Q636056,,,,,,,,,,,,,,,,,,,,,,,,,,,
mueselein,puree,,Q636056,,,,,,,,,,,,,,,,,,,,,,,,,,,
mueser,puree,,Q636056,,,,,,,,,,,,,,,,,,,,,,,,,,,
muesern,puree,,Q636056,,,,,,,,,,,,,,,,,,,,,,,,,,,
muesseren,puree,,Q636056,,,,,,,,,,,,,,,,,,,,,,,,,,,
muessern,puree,,Q636056,,,,,,,,,,,,,,,,,,,,,,,,,,,
mueslin,puree,,Q636056,,,,,,,,,,,,,,,,,,,,,,,,,,,
muees,puree,,Q636056,,,,,,,,,,,,,,,,,,,,,,,,,,,
mueesel,puree,,Q636056,,,,,,,,,,,,,,,,,,,,,,,,,,,
mueeser,puree,,Q636056,,,,,,,,,,,,,,,,,,,,,,,,,,,
mueesser,puree,,Q636056,,,,,,,,,,,,,,,,,,,,,,,,,,,
mueserr,puree,,Q636056,,,,,,,,,,,,,,,,,,,,,,,,,,,
muess,puree,warningPOS,Q636056,,,,,,,,,,,,,,,,,,,,,,,,,,,
mueess,puree,warningPOS,Q636056,,,,,,,,,,,,,,,,,,,,,,,,,,,
mueß,puree,warningPOS,Q636056,,,,,,,,,,,,,,,,,,,,,,,,,,,
mueesß,puree,warningPOS,Q636056,,,,,,,,,,,,,,,,,,,,,,,,,,,
muesz,puree,warningPOS,Q636056,,,,,,,,,,,,,,,,,,,,,,,,,,,
muesze,puree,warningPOS,Q636056,,,,,,,,,,,,,,,,,,,,,,,,,,,
mueszlin,puree,,Q636056,,,,,,,,,,,,,,,,,,,,,,,,,,,
muessel,puree,,Q636056,,,,,,,,,,,,,,,,,,,,,,,,,,,
muesser,puree,,Q636056,,,,,,,,,,,,,,,,,,,,,,,,,,,
muesslin,puree,,Q636056,,,,,,,,,,,,,,,,,,,,,,,,,,,
muezs,puree,,Q636056,,,,,,,,,,,,,,,,,,,,,,,,,,,
mueszern,puree,,Q636056,,,,,,,,,,,,,,,,,,,,,,,,,,,
muez,puree,,Q636056,,,,,,,,,,,,,,,,,,,,,,,,,,,
mueez,puree,,Q636056,,,,,,,,,,,,,,,,,,,,,,,,,,,
mulpraten,unsolved,,Q0,,,,,,,,,,,,,,,,,,,,,,,,,,,
muos,puree,warningPOS,Q636056,,,,,,,,,,,,,,,,,,,,,,,,,,,
muose,puree,,Q636056,,,,,,,,,,,,,,,,,,,,,,,,,,,
muoss,puree,,Q636056,,,,,,,,,,,,,,,,,,,,,,,,,,,
muosß,puree,,Q636056,,,,,,,,,,,,,,,,,,,,,,,,,,,
muoß,puree,,Q636056,,,,,,,,,,,,,,,,,,,,,,,,,,,
muosz,puree,warningPOS,Q636056,,,,,,,,,,,,,,,,,,,,,,,,,,,
mus,puree,warningPOS,Q636056,,,,,,,,,,,,,,,,,,,,,,,,,,,
musel,puree,,Q636056,,,,,,,,,,,,,,,,,,,,,,,,,,,
muss,puree,warningPOS,Q636056,,,,,,,,,,,,,,,,,,,,,,,,,,,
muszlein,puree,,Q636056,,,,,,,,,,,,,,,,,,,,,,,,,,,
musz,puree,,Q636056,,,,,,,,,,,,,,,,,,,,,,,,,,,
muß,puree,warningPOS,Q636056,,,,,,,,,,,,,,,,,,,,,,,,,,,
muz,puree,,Q636056,,,,,,,,,,,,,,,,,,,,,,,,,,,
oblat,wafer,,Q1226651,,,,,,,,,,,,,,,,,,,,,,,,,,,
pach,pastry,warningPOS,Q477248,,,,,,,,,,,,,,,,,,,,,,,,,,,
pachas,pastry,,Q477248,,,,,,,,,,,,,,,,,,,,,,,,,,,
pacheins,pastry,,Q477248,,,,,,,,,,,,,,,,,,,,,,,,,,,
pachem,pastry,,Q477248,,,,,,,,,,,,,,,,,,,,,,,,,,,
pachen,pastry,warningPOS,Q477248,,,,,,,,,,,,,,,,,,,,,,,,,,,
pachen visch,fried fish,,Q798414,,,,,,,,,,,,,,,,,,,,,,,,,,,
pachenn,pastry,warningPOS,Q477248,,,,,,,,,,,,,,,,,,,,,,,,,,,
pachenns,pastry,,Q477248,,,,,,,,,,,,,,,,,,,,,,,,,,,
pachenes,pastry,,Q477248,,,,,,,,,,,,,,,,,,,,,,,,,,,
pachens,pastry,warningPOS,Q477248,,,,,,,,,,,,,,,,,,,,,,,,,,,
pachens als ein schussel,pie pot,,Q0,,,,,,,,,,,,,,,,,,,,,,,,,,,
paches,pastry,warningPOS,Q477248,,,,,,,,,,,,,,,,,,,,,,,,,,,
pachnes,pastry,,Q477248,,,,,,,,,,,,,,,,,,,,,,,,,,,
pafessen,french toast,,Q197973,,,,,,,,,,,,,,,,,,,,,,,,,,,
pagaczen,fried dumpling,,Q2282540,,,,,,,,,,,,,,,,,,,,,,,,,,,
pagatsch,fried dumpling,,Q2282540,,,,,,,,,,,,,,,,,,,,,,,,,,,
pagatschen,fried dumpling,,Q2282540,,,,,,,,,,,,,,,,,,,,,,,,,,,
pagaetschen,fried dumpling,,Q2282540,,,,,,,,,,,,,,,,,,,,,,,,,,,
palmanschir,Blancmange,,Q59652608,,,,,,,,,,,,,,,,,,,,,,,,,,,
passteten,pie,,Q13360264,,,,,,,,,,,,,,,,,,,,,,,,,,,
passtetten,pie,,Q13360264,,,,,,,,,,,,,,,,,,,,,,,,,,,
pastede,pie,,Q13360264,,,,,,,,,,,,,,,,,,,,,,,,,,,
pasteden,pie,,Q13360264,,,,,,,,,,,,,,,,,,,,,,,,,,,
pastedenn,pie,,Q13360264,,,,,,,,,,,,,,,,,,,,,,,,,,,
pastel,pie,,Q13360264,,,,,,,,,,,,,,,,,,,,,,,,,,,
pästel,pie,,Q13360264,,,,,,,,,,,,,,,,,,,,,,,,,,,
pastellen,pie,,Q13360264,,,,,,,,,,,,,,,,,,,,,,,,,,,
pasteten,pie,,Q13360264,,,,,,,,,,,,,,,,,,,,,,,,,,,
pastetenn,pie,,Q13360264,,,,,,,,,,,,,,,,,,,,,,,,,,,
pastetten,pie,,Q13360264,,,,,,,,,,,,,,,,,,,,,,,,,,,
pedele,pancake,,Q44541,,,,,,,,,,,,,,,,,,,,,,,,,,,
peferlein,pfeffer,,Q0,,,,,,,,,,,,,,,,,,,,,,,,,,,
peffer,pfeffer,,Q0,,,,,,,,,,,,,,,,,,,,,,,,,,,
pefferr,pfeffer,,Q0,,,,,,,,,,,,,,,,,,,,,,,,,,,
pefferlin,pfeffer,,Q0,,,,,,,,,,,,,,,,,,,,,,,,,,,
pfaeffer,pfeffer,warningKONTEXT,Q0,,,,,,,,,,,,,,,,,,,,,,,,,,,
pfaefferlin,pfeffer,,Q0,,,,,,,,,,,,,,,,,,,,,,,,,,,
pfannczelten,pancake,,Q44541,,,,,,,,,,,,,,,,,,,,,,,,,,,
pfanntzelten,pancake,,Q44541,,,,,,,,,,,,,,,,,,,,,,,,,,,
pfantzelten,pancake,,Q44541,,,,,,,,,,,,,,,,,,,,,,,,,,,
pfanzelt,pancake,,Q44541,,,,,,,,,,,,,,,,,,,,,,,,,,,
pfeffer,pfeffer,,Q0,,,,,,,,,,,,,,,,,,,,,,,,,,,
pfefferlein,pfeffer,,Q0,,,,,,,,,,,,,,,,,,,,,,,,,,,
pfefferlin,pfeffer,,Q0,,,,,,,,,,,,,,,,,,,,,,,,,,,
pfefflein,pfeffer,,Q0,,,,,,,,,,,,,,,,,,,,,,,,,,,
pffeffer,pfeffer,,Q0,,,,,,,,,,,,,,,,,,,,,,,,,,,
pheffer,pfeffer,,Q0,,,,,,,,,,,,,,,,,,,,,,,,,,,
phefferl,pfeffer,,Q0,,,,,,,,,,,,,,,,,,,,,,,,,,,
phefferr,pfeffer,,Q0,,,,,,,,,,,,,,,,,,,,,,,,,,,
phasten,pie,,Q13360264,,,,,,,,,,,,,,,,,,,,,,,,,,,
pfhasten,pie,,Q13360264,,,,,,,,,,,,,,,,,,,,,,,,,,,
phaczeldten,pancake,,Q44541,,,,,,,,,,,,,,,,,,,,,,,,,,,
phanczelltten,pancake,,Q44541,,,,,,,,,,,,,,,,,,,,,,,,,,,
phaffer,pfeffer,,Q0,,,,,,,,,,,,,,,,,,,,,,,,,,,
phäffer,pfeffer,,Q0,,,,,,,,,,,,,,,,,,,,,,,,,,,
phanczel,pancake,,Q44541,,,,,,,,,,,,,,,,,,,,,,,,,,,
phanczelten,pancake,,Q44541,,,,,,,,,,,,,,,,,,,,,,,,,,,
pheffar,pfeffer,,Q0,,,,,,,,,,,,,,,,,,,,,,,,,,,
pheffär,pfeffer,,Q0,,,,,,,,,,,,,,,,,,,,,,,,,,,
pheffaer,pfeffer,,Q0,,,,,,,,,,,,,,,,,,,,,,,,,,,
phefferel,pfeffer,,Q0,,,,,,,,,,,,,,,,,,,,,,,,,,,
phefferlin,pfeffer,,Q0,,,,,,,,,,,,,,,,,,,,,,,,,,,
pheffers,pfeffer,,Q0,,,,,,,,,,,,,,,,,,,,,,,,,,,
phfeffer,pfeffer,,Q0,,,,,,,,,,,,,,,,,,,,,,,,,,,
phefferlin,pfeffer,,Q0,,,,,,,,,,,,,,,,,,,,,,,,,,,
pikt,sauce,,Q178359,,,,,,,,,,,,,,,,,,,,,,,,,,,
plab manttschett,Blancmange,,Q59652608,,,,,,,,,,,,,,,,,,,,,,,,,,,
plabmantscher,Blancmange,,Q59652608,,,,,,,,,,,,,,,,,,,,,,,,,,,
plabmatschir,Blancmange,,Q59652608,,,,,,,,,,,,,,,,,,,,,,,,,,,
placz,pancake,,Q44541,,,,,,,,,,,,,,,,,,,,,,,,,,,
plamaentschen,Blancmange,,Q59652608,,,,,,,,,,,,,,,,,,,,,,,,,,,
plamanscher,Blancmange,,Q59652608,,,,,,,,,,,,,,,,,,,,,,,,,,,
plamanschear,Blancmange,,Q59652608,,,,,,,,,,,,,,,,,,,,,,,,,,,
plamanschir,Blancmange,,Q59652608,,,,,,,,,,,,,,,,,,,,,,,,,,,
plamantschier,Blancmange,,Q59652608,,,,,,,,,,,,,,,,,,,,,,,,,,,
plamantschir,Blancmange,,Q59652608,,,,,,,,,,,,,,,,,,,,,,,,,,,
plamantschyr,Blancmange,,Q59652608,,,,,,,,,,,,,,,,,,,,,,,,,,,
plamencher,Blancmange,,Q59652608,,,,,,,,,,,,,,,,,,,,,,,,,,,
plamenschir,Blancmange,,Q59652608,,,,,,,,,,,,,,,,,,,,,,,,,,,
plamentschir,Blancmange,,Q59652608,,,,,,,,,,,,,,,,,,,,,,,,,,,
plament schir,Blancmange,,Q59652608,,,,,,,,,,,,,,,,,,,,,,,,,,,
plametschir,Blancmange,,Q59652608,,,,,,,,,,,,,,,,,,,,,,,,,,,
plamischir,Blancmange,,Q59652608,,,,,,,,,,,,,,,,,,,,,,,,,,,
plaemaenscher,Blancmange,,Q59652608,,,,,,,,,,,,,,,,,,,,,,,,,,,
plat,pancake,,Q44541,,,,,,,,,,,,,,,,,,,,,,,,,,,
platt,pancake,,Q44541,,,,,,,,,,,,,,,,,,,,,,,,,,,
platt vonn airen,pancake,,Q44541,,,,,,,,,,,,,,,,,,,,,,,,,,,
plat von ayeren,pancake,,Q44541,,,,,,,,,,,,,,,,,,,,,,,,,,,
plat von ayren,pancake,,Q44541,,,,,,,,,,,,,,,,,,,,,,,,,,,
pleter,pancake,warningKONTEXT,Q44541,,,,,,,,,,,,,,,,,,,,,,,,,,,
pletern,pancake,warningKONTEXT,Q44541,,,,,,,,,,,,,,,,,,,,,,,,,,,
pletter,pancake,warningKONTEXT,Q44541,,,,,,,,,,,,,,,,,,,,,,,,,,,
pletteren,pancake,warningKONTEXT,Q44541,,,,,,,,,,,,,,,,,,,,,,,,,,,
pletternn,pancake,warningKONTEXT,Q44541,,,,,,,,,,,,,,,,,,,,,,,,,,,
pletternn,pancake,warningKONTEXT,Q44541,,,,,,,,,,,,,,,,,,,,,,,,,,,
posseten,pie,,Q13360264,,,,,,,,,,,,,,,,,,,,,,,,,,,
posten,pie,,Q13360264,,,,,,,,,,,,,,,,,,,,,,,,,,,
posteten,pie,,Q13360264,,,,,,,,,,,,,,,,,,,,,,,,,,,
postetten,pie,,Q13360264,,,,,,,,,,,,,,,,,,,,,,,,,,,
poting kraut,sauerkraut,,Q154166,,,,,,,,,,,,,,,,,,,,,,,,,,,
pottigen krawtt,sauerkraut,,Q154166,,,,,,,,,,,,,,,,,,,,,,,,,,,
pradem,roast,,Q899561,,,,,,,,,,,,,,,,,,,,,,,,,,,
prancz,pan fried,,Q17073916,,,,,,,,,,,,,,,,,,,,,,,,,,,
pranten,pan fried,,Q17073916,,,,,,,,,,,,,,,,,,,,,,,,,,,
praten,roast,warningPOS,Q899561,,,,,,,,,,,,,,,,,,,,,,,,,,,
pratenn,roast,warningPOS,Q899561,,,,,,,,,,,,,,,,,,,,,,,,,,,
prauten,roast,,Q899561,,,,,,,,,,,,,,,,,,,,,,,,,,,
pretzen,pretzel,,Q160525,,,,,,,,,,,,,,,,,,,,,,,,,,,
protenn,roast,warningPOS,Q899561,,,,,,,,,,,,,,,,,,,,,,,,,,,
prattas,roast,,Q899561,,,,,,,,,,,,,,,,,,,,,,,,,,,
pratten,roast,warningPOS,Q899561,,,,,,,,,,,,,,,,,,,,,,,,,,,
prattenn,roast,warningPOS,Q899561,,,,,,,,,,,,,,,,,,,,,,,,,,,
prawtt essen,wedding dish,,Q0,,,,,,,,,,,,,,,,,,,,,,,,,,,
prein,Žganci,,Q264558,,,,,,,,,,,,,,,,,,,,,,,,,,,
preyn,Žganci,,Q264558,,,,,,,,,,,,,,,,,,,,,,,,,,,
preynn,Žganci,,Q264558,,,,,,,,,,,,,,,,,,,,,,,,,,,
presss,aspic,,Q837480,,,,,,,,,,,,,,,,,,,,,,,,,,,
pressen,aspic,,Q837480,,,,,,,,,,,,,,,,,,,,,,,,,,,
prodel,sauce,,Q178359,,,,,,,,,,,,,,,,,,,,,,,,,,,
prodlerm,sauce,,Q178359,,,,,,,,,,,,,,,,,,,,,,,,,,,
prolin,sauce,,Q178359,,,,,,,,,,,,,,,,,,,,,,,,,,,
proten,roast,warningPOS,Q899561,,,,,,,,,,,,,,,,,,,,,,,,,,,
protten,roast,warningPOS,Q899561,,,,,,,,,,,,,,,,,,,,,,,,,,,
prottenn,roast,warningPOS,Q899561,,,,,,,,,,,,,,,,,,,,,,,,,,,
prott wurst,bratwurst,,Q899882,,,,,,,,,,,,,,,,,,,,,,,,,,,
pruele,sauce,,Q178359,,,,,,,,,,,,,,,,,,,,,,,,,,,
prulein,sauce,,Q178359,,,,,,,,,,,,,,,,,,,,,,,,,,,
prwee,sauce,,Q178359,,,,,,,,,,,,,,,,,,,,,,,,,,,
putter,butter analogue,,Q0,,,,,,,,,,,,,,,,,,,,,,,,,,,
rechpraten,roe-deer roast,,Q0,,,,,,,,,,,,,,,,,,,,,,,,,,,
rechpratten,roe-deer roast,,Q0,,,,,,,,,,,,,,,,,,,,,,,,,,,
rechprattenn,roe-deer roast,,Q0,,,,,,,,,,,,,,,,,,,,,,,,,,,
rech praten In der vasten,fish roast,,Q0,,,,,,,,,,,,,,,,,,,,,,,,,,,
rechtpratten,roe-deer roast,,Q0,,,,,,,,,,,,,,,,,,,,,,,,,,,
rugkpratten,roast saddle,,Q0,,,,,,,,,,,,,,,,,,,,,,,,,,,
rugk praten,roast saddle,,Q0,,,,,,,,,,,,,,,,,,,,,,,,,,,
rukchpratten,roast saddle,,Q0,,,,,,,,,,,,,,,,,,,,,,,,,,,
reindel,unsolved,,Q0,,,,,,,,,,,,,,,,,,,,,,,,,,,
reindl,unsolved,,Q0,,,,,,,,,,,,,,,,,,,,,,,,,,,
ryßmuoß,rice pudding,,Q19029,,,,,,,,,,,,,,,,,,,,,,,,,,,
saelcz,sauce,,Q178359,,,,,,,,,,,,,,,,,,,,,,,,,,,
saelczen,sauce,,Q178359,,,,,,,,,,,,,,,,,,,,,,,,,,,
saeltz,sauce,,Q178359,,,,,,,,,,,,,,,,,,,,,,,,,,,
saeltzen,sauce,,Q178359,,,,,,,,,,,,,,,,,,,,,,,,,,,
safft,fruit juice,,Q20932605,,,,,,,,,,,,,,,,,,,,,,,,,,,
salce,sauce,,Q178359,,,,,,,,,,,,,,,,,,,,,,,,,,,
salcze,sauce,,Q178359,,,,,,,,,,,,,,,,,,,,,,,,,,,
salczenn,sauce,,Q178359,,,,,,,,,,,,,,,,,,,,,,,,,,,
salls,sauce,,Q178359,,,,,,,,,,,,,,,,,,,,,,,,,,,
sallsen,sauce,,Q178359,,,,,,,,,,,,,,,,,,,,,,,,,,,
sallsenn,sauce,,Q178359,,,,,,,,,,,,,,,,,,,,,,,,,,,
sallss,sauce,,Q178359,,,,,,,,,,,,,,,,,,,,,,,,,,,
sals,sauce,,Q178359,,,,,,,,,,,,,,,,,,,,,,,,,,,
salß,sauce,,Q178359,,,,,,,,,,,,,,,,,,,,,,,,,,,
salss,sauce,,Q178359,,,,,,,,,,,,,,,,,,,,,,,,,,,
salsa,sauce,,Q178359,,,,,,,,,,,,,,,,,,,,,,,,,,,
salse,sauce,,Q178359,,,,,,,,,,,,,,,,,,,,,,,,,,,
salsen,sauce,,Q178359,,,,,,,,,,,,,,,,,,,,,,,,,,,
salsenn,sauce,,Q178359,,,,,,,,,,,,,,,,,,,,,,,,,,,
salssen,sauce,,Q178359,,,,,,,,,,,,,,,,,,,,,,,,,,,
salssenn,sauce,,Q178359,,,,,,,,,,,,,,,,,,,,,,,,,,,
salsz,sauce,,Q178359,,,,,,,,,,,,,,,,,,,,,,,,,,,
salsze,sauce,,Q178359,,,,,,,,,,,,,,,,,,,,,,,,,,,
salszen,sauce,,Q178359,,,,,,,,,,,,,,,,,,,,,,,,,,,
salszenn,sauce,,Q178359,,,,,,,,,,,,,,,,,,,,,,,,,,,
salßenn,sauce,,Q178359,,,,,,,,,,,,,,,,,,,,,,,,,,,
salze,sauce,,Q178359,,,,,,,,,,,,,,,,,,,,,,,,,,,
sallzen,sauce,,Q178359,,,,,,,,,,,,,,,,,,,,,,,,,,,
schepkese,cheese analogue,,Q1568226,,,,,,,,,,,,,,,,,,,,,,,,,,,
schotten,quark analogue,,Q107261754,,,,,,,,,,,,,,,,,,,,,,,,,,,
schoten,quark analogue,,Q107261754,,,,,,,,,,,,,,,,,,,,,,,,,,,
schott,quark analogue,,Q107261754,,,,,,,,,,,,,,,,,,,,,,,,,,,
schwartz pruele,black sauce,,Q178359,,,,,,,,,,,,,,,,,,,,,,,,,,,
seltz,sauce,,Q178359,,,,,,,,,,,,,,,,,,,,,,,,,,,
semf,mustard,,Q131748,,,,,,,,,,,,,,,,,,,,,,,,,,,
senf,mustard,,Q131748,,,,,,,,,,,,,,,,,,,,,,,,,,,
senff,mustard,,Q131748,,,,,,,,,,,,,,,,,,,,,,,,,,,
senffs,mustard,,Q131748,,,,,,,,,,,,,,,,,,,,,,,,,,,
senif,mustard,,Q131748,,,,,,,,,,,,,,,,,,,,,,,,,,,
seniff,mustard,,Q131748,,,,,,,,,,,,,,,,,,,,,,,,,,,
senft,mustard,,Q131748,,,,,,,,,,,,,,,,,,,,,,,,,,,
senfft,mustard,,Q131748,,,,,,,,,,,,,,,,,,,,,,,,,,,
senyf,mustard,,Q131748,,,,,,,,,,,,,,,,,,,,,,,,,,,
senyff,mustard,,Q131748,,,,,,,,,,,,,,,,,,,,,,,,,,,
sennyff,mustard,,Q131748,,,,,,,,,,,,,,,,,,,,,,,,,,,
senyffs,mustard,,Q131748,,,,,,,,,,,,,,,,,,,,,,,,,,,
soest,sauce,,Q178359,,,,,,,,,,,,,,,,,,,,,,,,,,,
sollat,salad,,Q9266,,,,,,,,,,,,,,,,,,,,,,,,,,,
stawben,funnel cake,,Q539429,,,,,,,,,,,,,,,,,,,,,,,,,,,
straubem,funnel cake,,Q539429,,,,,,,,,,,,,,,,,,,,,,,,,,,
strauben,funnel cake,,Q539429,,,,,,,,,,,,,,,,,,,,,,,,,,,
strawben,funnel cake,,Q539429,,,,,,,,,,,,,,,,,,,,,,,,,,,
streiblen,funnel cake,,Q539429,,,,,,,,,,,,,,,,,,,,,,,,,,,
streiblin,funnel cake,,Q539429,,,,,,,,,,,,,,,,,,,,,,,,,,,
struben,funnel cake,,Q539429,,,,,,,,,,,,,,,,,,,,,,,,,,,
strubenn,funnel cake,,Q539429,,,,,,,,,,,,,,,,,,,,,,,,,,,
strueben,funnel cake,,Q539429,,,,,,,,,,,,,,,,,,,,,,,,,,,
strueblin,funnel cake,,Q539429,,,,,,,,,,,,,,,,,,,,,,,,,,,
strueczel,Striezel,,Q1558512,,,,,,,,,,,,,,,,,,,,,,,,,,,
struetzel,Striezel,,Q1558512,,,,,,,,,,,,,,,,,,,,,,,,,,,
suffrat,unsolved,,Q0,,,,,,,,,,,,,,,,,,,,,,,,,,,
suelcz,aspic,,Q837480,,,,,,,,,,,,,,,,,,,,,,,,,,,
suelcze,aspic,,Q837480,,,,,,,,,,,,,,,,,,,,,,,,,,,
sueltz,aspic,,Q837480,,,,,,,,,,,,,,,,,,,,,,,,,,,
suelcze,aspic,,Q837480,,,,,,,,,,,,,,,,,,,,,,,,,,,
suelze,aspic,,Q837480,,,,,,,,,,,,,,,,,,,,,,,,,,,
sulcz,aspic,,Q837480,,,,,,,,,,,,,,,,,,,,,,,,,,,
sulcze,aspic,,Q837480,,,,,,,,,,,,,,,,,,,,,,,,,,,
sulczen,aspic,,Q837480,,,,,,,,,,,,,,,,,,,,,,,,,,,
sulsen,sauce,,Q178359,,,,,,,,,,,,,,,,,,,,,,,,,,,
sulsenn,sauce,,Q178359,,,,,,,,,,,,,,,,,,,,,,,,,,,
sulsze,sauce,,Q178359,,,,,,,,,,,,,,,,,,,,,,,,,,,
sulszenn,sauce,,Q178359,,,,,,,,,,,,,,,,,,,,,,,,,,,
sultz,aspic,,Q837480,,,,,,,,,,,,,,,,,,,,,,,,,,,
sultze,aspic,,Q837480,,,,,,,,,,,,,,,,,,,,,,,,,,,
sultzen,aspic,,Q837480,,,,,,,,,,,,,,,,,,,,,,,,,,,
sultzenn,aspic,,Q837480,,,,,,,,,,,,,,,,,,,,,,,,,,,
sulz,aspic,,Q837480,,,,,,,,,,,,,,,,,,,,,,,,,,,
sullcz,aspic,,Q837480,,,,,,,,,,,,,,,,,,,,,,,,,,,
sullz,aspic,,Q837480,,,,,,,,,,,,,,,,,,,,,,,,,,,
sultza,aspic,,Q837480,,,,,,,,,,,,,,,,,,,,,,,,,,,
sulzenn,aspic,,Q837480,,,,,,,,,,,,,,,,,,,,,,,,,,,
sulznn,aspic,,Q837480,,,,,,,,,,,,,,,,,,,,,,,,,,,
supp,sauce,,Q178359,,,,,,,,,,,,,,,,,,,,,,,,,,,
suppel,sauce,,Q178359,,,,,,,,,,,,,,,,,,,,,,,,,,,
supen,sauce,,Q178359,,,,,,,,,,,,,,,,,,,,,,,,,,,
suppem,sauce,,Q178359,,,,,,,,,,,,,,,,,,,,,,,,,,,
suppen,sauce,,Q178359,,,,,,,,,,,,,,,,,,,,,,,,,,,
suppenn,sauce,,Q178359,,,,,,,,,,,,,,,,,,,,,,,,,,,
supplein,sauce,,Q178359,,,,,,,,,,,,,,,,,,,,,,,,,,,
svlcz,aspic,,Q837480,,,,,,,,,,,,,,,,,,,,,,,,,,,
svltcz,aspic,,Q837480,,,,,,,,,,,,,,,,,,,,,,,,,,,
thort,flat cake,,Q0,,,,,,,,,,,,,,,,,,,,,,,,,,,
thorte,flat cake,,Q0,,,,,,,,,,,,,,,,,,,,,,,,,,,
thur,flat cake,,Q0,,,,,,,,,,,,,,,,,,,,,,,,,,,
thurt,flat cake,,Q0,,,,,,,,,,,,,,,,,,,,,,,,,,,
topanicz,sauce,,Q178359,,,,,,,,,,,,,,,,,,,,,,,,,,,
topanitz,sauce,,Q178359,,,,,,,,,,,,,,,,,,,,,,,,,,,
topaenicz,sauce,,Q178359,,,,,,,,,,,,,,,,,,,,,,,,,,,
torta,flat cake,,Q0,,,,,,,,,,,,,,,,,,,,,,,,,,,
torthe,flat cake,,Q0,,,,,,,,,,,,,,,,,,,,,,,,,,,
torthen,flat cake,,Q0,,,,,,,,,,,,,,,,,,,,,,,,,,,
torten,flat cake,,Q0,,,,,,,,,,,,,,,,,,,,,,,,,,,
tortta,flat cake,,Q0,,,,,,,,,,,,,,,,,,,,,,,,,,,
tortten,flat cake,,Q0,,,,,,,,,,,,,,,,,,,,,,,,,,,
trang,drink,,Q40050,,,,,,,,,,,,,,,,,,,,,,,,,,,
tranck,drink,,Q40050,,,,,,,,,,,,,,,,,,,,,,,,,,,
trankch,drink,,Q40050,,,,,,,,,,,,,,,,,,,,,,,,,,,
trannck,drink,,Q40050,,,,,,,,,,,,,,,,,,,,,,,,,,,
tuertt,flat cake,,Q0,,,,,,,,,,,,,,,,,,,,,,,,,,,
tuerten,flat cake,,Q0,,,,,,,,,,,,,,,,,,,,,,,,,,,
turten,flat cake,,Q0,,,,,,,,,,,,,,,,,,,,,,,,,,,
turtten,flat cake,,Q0,,,,,,,,,,,,,,,,,,,,,,,,,,,
turttenn,flat cake,,Q0,,,,,,,,,,,,,,,,,,,,,,,,,,,
turtt,flat cake,,Q0,,,,,,,,,,,,,,,,,,,,,,,,,,,
tziger,cheese analogue,warningKONTEXT,Q1568226,,,,,,,,,,,,,,,,,,,,,,,,,,,
tziseuenel,sauce,,Q178359,,,,,,,,,,,,,,,,,,,,,,,,,,,
urittis,fried pastry,,Q5503624,,,,,,,,,,,,,,,,,,,,,,,,,,,
urittos,fried pastry,,Q5503624,,,,,,,,,,,,,,,,,,,,,,,,,,,
vritell,fried pastry,,Q5503624,,,,,,,,,,,,,,,,,,,,,,,,,,,
vritti,fried pastry,,Q5503624,,,,,,,,,,,,,,,,,,,,,,,,,,,
vrittis,fried pastry,,Q5503624,,,,,,,,,,,,,,,,,,,,,,,,,,,
vritthos,fried pastry,,Q5503624,,,,,,,,,,,,,,,,,,,,,,,,,,,
wildbraet,game dish,,Q0,,,,,,,,,,,,,,,,,,,,,,,,,,,
wildprat,game dish,,Q0,,,,,,,,,,,,,,,,,,,,,,,,,,,
wild praett,game dish,,Q0,,,,,,,,,,,,,,,,,,,,,,,,,,,
wildpraett,game dish,,Q0,,,,,,,,,,,,,,,,,,,,,,,,,,,
wild praett,game dish,,Q0,,,,,,,,,,,,,,,,,,,,,,,,,,,
wilde praet,game dish,,Q0,,,,,,,,,,,,,,,,,,,,,,,,,,,
wilpraet,game dish,,Q0,,,,,,,,,,,,,,,,,,,,,,,,,,,
wilpraut,game dish,,Q0,,,,,,,,,,,,,,,,,,,,,,,,,,,
willpret,game dish,,Q0,,,,,,,,,,,,,,,,,,,,,,,,,,,
wilprat,game dish,,Q0,,,,,,,,,,,,,,,,,,,,,,,,,,,
wiltprat,game dish,,Q0,,,,,,,,,,,,,,,,,,,,,,,,,,,
willtpraet,game dish,,Q0,,,,,,,,,,,,,,,,,,,,,,,,,,,
wild praten,game dish,,Q0,,,,,,,,,,,,,,,,,,,,,,,,,,,
wilpreat,game dish,,Q0,,,,,,,,,,,,,,,,,,,,,,,,,,,
wilpret,game dish,,Q0,,,,,,,,,,,,,,,,,,,,,,,,,,,
wildpreat,game dish,,Q0,,,,,,,,,,,,,,,,,,,,,,,,,,,
wildpreatt,game dish,,Q0,,,,,,,,,,,,,,,,,,,,,,,,,,,
wlpratt,game dish,,Q0,,,,,,,,,,,,,,,,,,,,,,,,,,,
wornst,sausage,,Q131419,,,,,,,,,,,,,,,,,,,,,,,,,,,
worst,sausage,,Q131419,,,,,,,,,,,,,,,,,,,,,,,,,,,
wurst,sausage,,Q131419,,,,,,,,,,,,,,,,,,,,,,,,,,,
wuerst,sausage,,Q131419,,,,,,,,,,,,,,,,,,,,,,,,,,,
wuersten,sausage,,Q131419,,,,,,,,,,,,,,,,,,,,,,,,,,,
würst,sausage,,Q131419,,,,,,,,,,,,,,,,,,,,,,,,,,,
zcyselins,sauce,,Q178359,,,,,,,,,,,,,,,,,,,,,,,,,,,
zcisenlin,sauce,,Q178359,,,,,,,,,,,,,,,,,,,,,,,,,,,
zisaendlein,sauce,,Q178359,,,,,,,,,,,,,,,,,,,,,,,,,,,
ziseindel,sauce,,Q178359,,,,,,,,,,,,,,,,,,,,,,,,,,,
zisendel,sauce,,Q178359,,,,,,,,,,,,,,,,,,,,,,,,,,,
zisindel,sauce,,Q178359,,,,,,,,,,,,,,,,,,,,,,,,,,,
zisseinlen,sauce,,Q178359,,,,,,,,,,,,,,,,,,,,,,,,,,,
zisellin,sauce,,Q178359,,,,,,,,,,,,,,,,,,,,,,,,,,,
zyger,cheese analogue,warningKONTEXT,Q1568226,,,,,,,,,,,,,,,,,,,,,,,,,,,
zysandell,sauce,,Q178359,,,,,,,,,,,,,,,,,,,,,,,,,,,
zyseindelein,sauce,,Q178359,,,,,,,,,,,,,,,,,,,,,,,,,,,