deu-enh,eng,warning,Qid_detail
aier schall,eggshell,,Q2731253
air gucken,eggshell,,Q2731253
air schall,eggshell,,Q2731253
aygen pfannen zu dem marcipan,pan for marcipan,,Q0
an richt,sideboard,,Q1762308
an richten,sideboard,warningPOS,Q1762308
anericht,sideboard,,Q1762308
anerichten,sideboard,,Q1762308
angster,pinch bottle,,Q543866
anispissell,skewer,,Q1323569
anngster,pinch bottle,,Q543866
anricht,sideboard,,Q1762308
anrichte,sideboard,,Q1762308
aschen,ash,,Q152079
aschenn,ash,,Q152079
aschn,ash,,Q152079
ayer schall,eggshell,,Q2731253
ayer schaln,eggshell,,Q2731253
ayerschalen,eggshell,,Q2731253
ayr schal,eggshell,,Q2731253
ayr schal,eggshell,,Q2731253
ayr schalen,eggshell,,Q2731253
ayr schall,eggshell,,Q2731253
ayr schallen,eggshell,,Q2731253
air schelffen,eggshell,,Q2731253
bach offenn,baking oven,,Q36539
backofen,baking oven,,Q36539
backoffen,baking oven,,Q36539
backoffenn,baking oven,,Q36539
banck,workbench,,Q347690
bannckh,workbench,,Q347690
becher,cup,,Q81727
becherr,cup,,Q81727
becke,basin,,Q2383211
becken,bowl,,Q153988
beckenn,bowl,,Q153988
beckin,bowl,,Q153988
bisling,gravel,,Q133833
bix,box,warningKONTEXT,Q188075
bladeren,pig's bladder,,Q96756123
blasen,pig's bladder,,Q96756123
bodelin,cutting board,,Q617239
boedelin,cutting board,,Q617239
boeselin,whisk,,Q263057
bouemwollen,cotton,,Q11457
braesß,press,,Q107272838
braeter,cutting board,,Q617239
braett,cutting board,,Q617239
bred,cutting board,,Q617239
brede,cutting board,,Q617239
breder,cutting board,,Q617239
breed,cutting board,,Q617239
brenten,vat,,Q38942
bres,press,,Q107272838
bret,cutting board,,Q617239
breth,cutting board,,Q617239
bretlin,cutting board,,Q617239
brett,cutting board,,Q617239
brette,cutting board,,Q617239
buetel tuoch,bag,,Q1323314
bueteltuoch,bag,,Q1323314
chacheloffenn,masonry heater,,Q388294
chachelloffen,masonry heater,,Q388294
chalch ofen,lime kiln,,Q59772
chalt guß,lye,,Q2122650
chalt gussen,lye,,Q2122650
chalt gwsß,lye,,Q2122650
chalten gusß,lye,,Q2122650
chaltgossen,lye,,Q2122650
chaltguß,lye,,Q2122650
char,bowl,,Q153988
chas kar,cheese mold,,Q107272832
cherczen schafft,candle stick,,Q12888135
cheschell,cauldron,,Q1317634
chessel,cauldron,,Q1317634
chessell,cauldron,,Q1317634
chessellein,cauldron,,Q1317634
chessl,cauldron,,Q1317634
chisling,gravel,,Q133833
chluetel,ember,,Q177257
chluett,ember,,Q177257
chnospel,unsolved,,Q0
chochloeffel,wooden spoon,,Q1762390
choechloffel,wooden spoon,,Q1762390
choeler,ember,,Q177257
choeln von wilden oelpawmen,ember,,Q177257
choepph,pie pot,warningKONTEXT,Q107272929
chol,ember,,Q177257
cholenn,ember,,Q177257
choll,ember,,Q177257
chollen,ember,,Q177257
choller,ember,,Q177257
choln,ember,,Q177257
chopf,cooking pot,warningKONTEXT,Q2366864
chopff,cooking pot,warningKONTEXT,Q2366864
choph,pie pot,warningKONTEXT,Q107272929
choppf,cooking pot,warningKONTEXT,Q2366864
chopph,cooking pot,warningKONTEXT,Q2366864
chossel,cauldron,,Q1317634
chraclas clas,pinch bottle,,Q543866
chraeglacz glas,pinch bottle,,Q543866
chrapfen eyssenn,fried dumpling cutter,,Q107272835
chrawdt,dividing cross,,Q107272841
chrawssen,container,,Q987767
chrawt,dividing cross,,Q107272841
chreglats glas,pinch bottle,,Q543866
chreglacz glas,pinch bottle,,Q543866
chreglacz glasz,pinch bottle,,Q543866
chrewcz,cross shaping tool,,Q107272833
chrueg,jug,,Q2413314
chruegs,jug,,Q2413314
chuchel von holcz dy an der mit gros sein dann an den oertteren,morel mold,,Q0
chuedt,ember,,Q177257
chyslinger,pebble,,Q14673
ckalt gossen,lye,,Q2122650
ckaren,container,,Q987767
ckessell,cauldron,,Q1317634
ckrawssen,container,,Q987767
clas,pinch bottle,,Q543866
cleim,loam,,Q1131303
clueppelin,skewer,,Q1323569
collenn,ember,,Q177257
copf,cooking pot,warningKONTEXT,Q2366864
copff,cooking pot,warningKONTEXT,Q2366864
cziegel,brick,,Q40089
cziegell,brick,,Q40089
cziegelstein,brick,,Q40089
czweckly,skewer,,Q1323569
czwicklyn,skewer,,Q1323569
czwey ergraben huelczer inder formen als ein raphuene,partridge mold,,Q107272868
czwen stekchen vornn kulpat als die maurochen,morel shaping tool,,Q107272837
dacht,candle wick,,Q849004
dampf,steam,,Q3251738
deck,lid,warningKONTEXT,Q2488579
decke,lid,warningKONTEXT,Q2488579
deckel,lid,,Q2488579
deckh,lid,,Q2488579
deckhe,lid,,Q2488579
dekchell,lid,,Q2488579
deckhel,lid,,Q2488579
degel,cooking pot,,Q2366864
deigphannen,pie pot,,Q107272929
dekch,lid,warningKONTEXT,Q2488579
deller,plate,,Q57216
dimpten,ink,,Q127418
dinten,ink,,Q127418
dintten,ink,,Q127418
dorten pfendlin,dutch oven,warningKONTEXT,Q262515
dorten pfendlin,cake pan,warningKONTEXT,Q107196521
driefues,tripod,,Q1257352
driefuezs,tripod,,Q1257352
drifuees,tripod,,Q1257352
drifues,tripod,,Q1257352
drifuess,tripod,,Q1257352
drifuezs,tripod,,Q1257352
drifuezz,tripod,,Q1257352
drifuos,tripod,,Q1257352
drifuoz,tripod,,Q1257352
drifuß,tripod,,Q1257352
drifusz,tripod,,Q1257352
drog,vat,,Q38942
dryffueß,tripod,,Q1257352
dryfues,tripod,,Q1257352
dryfuess,tripod,,Q1257352
dryfussz,tripod,,Q1257352
dryfusz,tripod,,Q1257352
duch,cheesecloth,,Q2621157
duche,cheesecloth,,Q2621157
duchelin,cheesecloth,,Q2621157
duech,cheesecloth,,Q2621157
duechelgin,cheesecloth,,Q2621157
duoch,cheesecloth,,Q2621157
durch gang,sieve,,Q381155
durch schlag,sieve,,Q381155
durchschlag,sieve,,Q381155
eier schalen,eggshell,,Q2731253
eier schalle,eggshell,,Q2731253
eier schallen,eggshell,,Q2731253
eiger schalen,eggshell,,Q2731253
eisen,unsolved,,Q0
eisen,waffle iron,,Q1139975
eppfellpawmynn koln,ember,,Q177257
eschen,ash,,Q152079
eschenn,ash,,Q152079
ess loffel,eating spoon,,Q2002583
ess loffele,eating spoon,,Q2002583
esze,ash,,Q152079
eyer schaln,eggshell,,Q2731253
eysnen loffel,iron spoon,,Q107272867
eysnen loffl,iron spoon,,Q107272867
faden,thread,,Q1391831
fadenn,thread,,Q1391831
faedern,feather,,Q81025
faeslin,barrel,,Q10289
faesslein,barrel,,Q10289
faesslin,barrel,,Q10289
faeßlin,barrel,,Q10289
farb tuch,ink cloth,,Q0
fas,barrel,,Q10289
fassel,barrel,,Q10289
faym loffel,skimmer,,Q388428
faymloeffl,skimmer,,Q388428
faz,barrel,,Q10289
feddernn,feather,,Q81025
feder,feather,,Q81025
feder kill,nib,,Q14524064
feir,ember,,Q177257
ferwr,ember,,Q177257
feslin,barrel,,Q10289
fessel,barrel,,Q10289
fesselein,barrel,,Q10289
fesslein,barrel,,Q10289
feue,ember,,Q177257
feuer,ember,,Q177257
feur,ember,,Q177257
feurlin,ember,,Q177257
fevr,ember,,Q177257
fewer,ember,,Q177257
feweer,ember,,Q177257
fewere,ember,,Q177257
fewerr,ember,,Q177257
fewr,ember,,Q177257
fewre,ember,,Q177257
fewrerr,ember,,Q177257
fewrr,ember,,Q177257
fiuer,ember,,Q177257
flech,unsolved,,Q0
foerm gesnytenn in czway holcz rebhuner gestallt,partridge mold,,Q107272868
form,mold,,Q1941820
forme,mold,,Q1941820
formen,mold,,Q1941820
formm,casserole,,Q63436240
fueer,ember,warningKONTEXT,Q177257
fueher,ember,,Q177257
fuehir,ember,,Q177257
fuer,ember,warningKONTEXT,Q177257
fuere,ember,,Q177257
fuermm als ein rechter pratenn,partridge mold,,Q107272868
fuerr,ember,warningKONTEXT,Q177257
fuher,ember,,Q177257
gabel,fork,,Q81881
garen,thread,,Q1391831
gefaeß,container,,Q987767
gelesen hafen,preserving jar,warningKONTEXT,Q56297888
geloechertz hoern,sausage stuffing tube,,Q107272840
geschier,container,,Q987767
geschieren,container,,Q987767
geschierrn,container,,Q987767
geschir,container,,Q987767
geschirr,container,,Q987767
geschirn,container,,Q987767
geschirre,container,,Q987767
geuaeezz,container,,Q987767
geuaeezzs,container,,Q987767
geuaezz,container,,Q987767
geueaez,container,,Q987767
gevaeez,container,,Q987767
gevaeezz,container,,Q987767
gevaesz,container,,Q987767
gevaezz,container,,Q987767
gevaezz daz oben ainen engen hals hab,pinch bottle,,Q543866
glaesel,drinking glass,,Q56369598
glais,preserving jar,warningKONTEXT,Q56297888
glaiszkolbenn,laboratory flask,,Q335201
glas,pinch bottle,,Q543866
glase,preserving jar,warningKONTEXT,Q56297888
glasen,preserving jar,warningKONTEXT,Q56297888
glasierten haffen,glazed ceramic,warningKONTEXT,Q3664976
glass,preserving jar,warningKONTEXT,Q56297888
glasz,pinch bottle,,Q543866
glaß,preserving jar,warningKONTEXT,Q56297888
glaz,pinch bottle,,Q543866
gleslin,drinking glass,,Q56369598
glesslin,drinking glass,,Q56369598
glud,ember,,Q177257
gludt,ember,,Q177257
glued,ember,,Q177257
gluedt,ember,,Q177257
glueed,ember,,Q177257
gluet,ember,,Q177257
gluetel,ember,,Q177257
glueth,ember,,Q177257
gluetlein,ember,,Q177257
gluetlen,ember,,Q177257
gluett,ember,,Q177257
gluettle,ember,,Q177257
gluettlein,ember,,Q177257
gluot,ember,,Q177257
gluott,ember,,Q177257
glut,ember,,Q177257
glutlein,ember,,Q177257
glutt,ember,,Q177257
goterhulffen,container,,Q987767
goterulffe,container,,Q987767
gschier,container,,Q987767
gschiren,container,,Q987767
guttern,container,,Q987767
hackh predt,cutting board,,Q617239
hack predt,cutting board,,Q617239
hackprett,cutting board,,Q617239
haefelain,container,,Q987767
haefelein,container,,Q987767
haefen,pot,,Q15711817
haefen,pot,,Q15711817
haeffen,pot,,Q15711817
haeffenn,pot,,Q15711817
hafe,pot,,Q15711817
hafem,pot,,Q15711817
hafen,pot,,Q15711817
hafen,pot,,Q15711817
hafen deck,lid,,Q2488579
hafen decken,lid,,Q2488579
hafen dekch,lid,,Q2488579
hafendekch,lid,,Q2488579
hafen schirbe,container,,Q987767
hafen von taig,pie pot,,Q107272929
hafenn,pot,,Q15711817
haffen,pot,,Q15711817
haffen,pot,,Q15711817
haffen deck,lid,,Q2488579
haffendeck,lid,,Q2488579
haffendekch,lid,,Q2488579
haffendel,container,,Q987767
haffenn,pot,warningKONTEXT,Q15711817
haffenn scherbenn,container,,Q987767
haffran,cauldron,,Q1317634
haffschirben,container,,Q987767
hakchmesser,knife,,Q32489
halem,stalk,,Q0
halm,stalk,,Q0
harsip,sieve,,Q381155
hauen,pot,,Q15711817
hauenn,pot,,Q15711817
hauen dekch,lid,,Q2488579
hefelin,pot,,Q15711817
hefen,pot,,Q15711817
heffelin,pot,,Q15711817
heffell,,,
heffellin,pot,,Q15711817
heffen,pot,,Q15711817
heffenn,pot,,Q15711817
hefleyn,pot,,Q15711817
hefn,pot,,Q15711817
heifelin,pot,,Q15711817
helle,unsolved,,Q0
herdt,kitchen stove,warningPOS,Q182995
herdt,kitchen stove,warningPOS,Q182995
hern schusell,bowl,,Q153988
herren schueschel,bowl,,Q153988
herren schuessel,bowl,,Q153988
herren schussel,bowl,,Q153988
herren schussell,bowl,,Q153988
herrenn schussel,bowl,,Q153988
hert,kitchen stove,warningPOS,Q182995
hertt,kitchen stove,warningPOS,Q182995
heuen,pot,,Q15711817
hieren schalen,skull,,Q13147
hiern schalen,skull,,Q13147
hiern schallen,skull,,Q13147
hiernn schal,skull,,Q13147
hiernnschall,skull,,Q13147
hierns dakches,calvaria,,Q613203
hiren schall,skull,,Q13147
hirren pain,skull,,Q13147
hoczel,skewer,,Q1323569
hoczlein,skewer,,Q1323569
hoech,workbench,,Q347690
hoelcz,skewer,,Q1323569
hoelczel,skewer,,Q1323569
hoelczer zwen fuermen als die repphuener wann man sy zue samen trucket das sy ain form haben als die repphuener,partridge mold,,Q107272868
hoelczeren das hat ain fuerm als ain repphuen,partridge mold,,Q107272868
hoelczern daz hat ein formm als ein rephun,partridge mold,,Q107272868
hoellczer,skewer,,Q1323569
hoelczlein,skewer,,Q1323569
hoellczlein,skewer,,Q1323569
hoeltzern spis,skewer,,Q1323569
hoeltzlein,skewer,,Q1323569
hoeltzlin,skewer,,Q1323569
hoern gelochert zu payden seiten,sausage stuffing tube,,Q107272840
hoffschuessl,bowl,,Q153988
hoff schuessel,bowl,,Q153988
hoff schuessl,bowl,,Q153988
hoff schusselln,bowl,,Q153988
hoffellein,pot,,Q15711817
hoffschussell,bowl,,Q153988
holcz,skewer,warningKONTEXT,Q1323569
holcz dar czw paiden seitten spuczig seynn,partridge mold,,Q107272868
holcz ein chnospel als ein faust,cooking tool,,Q1521410
holcz in dem fuermm wann sy sammen gedruck werden so sechens als ein repphuen,partridge mold,,Q107272868
holczein loffel,wooden spoon,,Q1762390
holczel alz ein spindel daz niden ain chnoph hab,cooking tool,,Q1521410
holczell,skewer,,Q1323569
holczel wan sy czw samen taucht das sy ein formm machen als rebhuen,partridge mold,,Q107272868
holczelein,skewer,,Q1323569
holczen czw ayer repphuener geleich wen man dy zu  samen druckt daz wirt ein  formm czwayer rebhuener,partridge mold,,Q107272868
holczen daz ist ein formm als ein repphueen,partridge mold,,Q107272868
holczer,skewer,warningKONTEXT,Q1323569
holczeren das hatt ein varmm als ein rephon,partridge mold,,Q107272868
holczernn das hat ein formm als ein repphuenn,partridge mold,,Q107272868
holczlein,skewer,,Q1323569
holczlin,skewer,,Q1323569
hollczer,skewer,,Q1323569
hollczlein,skewer,,Q1323569
holtz,skewer,,Q1323569
holtzeren schere,wooden scissors,,Q107272843
holtzlein,skewer,,Q1323569
holtzlin,skewer,,Q1323569
holz,skewer,warningKONTEXT,Q1323569
holzer,skewer,,Q1323569
horen,inkwell,,Q1160546
horrn,inkwell,,Q1160546
hualczenn leffel,wooden spoon,,Q1762390
huelczen loeffel,wooden spoon,,Q1762390
huelczen spis,skewer,,Q1323569
huellczein prentlein,bucket,,Q47107
huellczein spiss,skewer,,Q1323569
hueltzen spisz,skewer,,Q1323569
hueltzin spisslin,skewer,,Q1323569
hueltzinen rost,wooden grate,,Q107272842
hueltzinene spis,skewer,,Q1323569
hueltzlin,skewer,,Q1323569
huelzinen roest,wooden grate,,Q107272842
huelzinen roeste,wooden grate,,Q107272842
huelzinen rost,wooden grate,,Q107272842
huelzinen roste,wooden grate,,Q107272842
huerd,sideboard,,Q1762308
hulcz ein spislein,skewer,,Q1323569
hulczen spiss,skewer,,Q1323569
hulczein lofflein,wooden spoon,,Q1762390
hulczein rost,wooden grate,,Q107272842
hulczein spis,skewer,,Q1323569
hulczen rost,wooden grate,,Q107272842
hulczen spisgin,skewer,,Q1323569
hulczen spiß,skewer,,Q1323569
hulczen spisz,skewer,,Q1323569
hulczen spys,skewer,,Q1323569
hultz,skewer,,Q1323569
hultze,skewer,,Q1323569
hultzen spisz,skewer,,Q1323569
hultzen spiszlin,skewer,,Q1323569
hultzenn rost,wooden grate,,Q107272842
hultzenn spyß,skewer,,Q1323569
hultzinen rost,wooden grate,,Q107272842
hultzlin,skewer,,Q1323569
hulzen rost,wooden grate,,Q107272842
huelczein rosst,wooden grate,,Q107272842
hurde,sideboard,,Q1762308
hyernn schall,eggshell,,Q2731253
hyrnschalen,skull,,Q13147
kachell,tile,,Q468402
kaelguesse,lye,,Q2122650
kaendel,jug,,Q2413314
kaes chaer,cheese mold,,Q107272832
kaes korb,cheese basket,,Q107272831
kaes napff,cheese mold,,Q107272832
kaessnapff,cheese mold,,Q107272832
kaesz kar,cheese mold,,Q107272832
kaesz nappff,cheese mold,,Q107272832
kalltgeuß,lye,,Q2122650
kalltguesz,lye,,Q2122650
kalltgus,lye,,Q2122650
kallttguessen,lye,,Q2122650
kaltgazz,lye,,Q2122650
kaltguassen,lye,,Q2122650
kaltguess,lye,,Q2122650
kaltguesz,lye,,Q2122650
kaltguezz,lye,,Q2122650
kalltgues,lye,,Q2122650
kan,jug,,Q2413314
kandel,jug,,Q2413314
kandell,jug,,Q2413314
kapf stain,unsolved,,Q0
kar,container,,Q987767
kchalt gus,lye,,Q2122650
keas chaer,cheese mold,,Q107272832
keschoer,cheese mold,,Q107272832
keas naph,cheese mold,,Q107272832
keas napph,cheese mold,,Q107272832
kelle,ladle,,Q193358
kellen,ladle,,Q193358
kellenn,ladle,,Q193358
kerczen schafft,candle stick,,Q12888135
kesel,cauldron,,Q1317634
kesell,cauldron,,Q1317634
kesellin,cauldron,,Q1317634
keselin,cauldron,,Q1317634
keselinn,cauldron,,Q1317634
kese napf,cheese mold,,Q107272832
keseporn,cheese basket,,Q107272831
keskorb,cheese basket,,Q107272831
kessel,cauldron,,Q1317634
kessele,cauldron,,Q1317634
kesselin,cauldron,,Q1317634
kessell,cauldron,,Q1317634
kesseln,cauldron,,Q1317634
kesslein,cauldron,,Q1317634
kezzel,cauldron,,Q1317634
kisling,gravel,,Q133833
kislingin,pebble,,Q14673
kissling,pebble,,Q14673
kleibe,loam,,Q1131303
kleo keln,wooden spoon,,Q1762390
klupp,unsolved,,Q0
kluppen,unsolved,,Q0
knospeln,bag,,Q1323314
koch leffelfolle,wooden spoon,,Q1762390
koch loeffel,wooden spoon,,Q1762390
koch loffel,wooden spoon,,Q1762390
kochloffel,wooden spoon,,Q1762390
kochloffell,wooden spoon,,Q1762390
kochloffoll,wooden spoon,,Q1762390
koell,ember,,Q177257
koer,container,,Q987767
koilfueer,ember,,Q177257
kol,ember,,Q177257
kolbenn glasß,laboratory flask,,Q335201
kolleffel,wooden spoon,,Q1762390
kolen,ember,,Q177257
kolenn,ember,,Q177257
koler,ember,,Q177257
kolfewer,ember,,Q177257
kolfewr,ember,,Q177257
koll,ember,,Q177257
kollen,ember,,Q177257
kollenn,ember,,Q177257
koller,ember,,Q177257
kollerr,ember,,Q177257
kolln,ember,,Q177257
koln,ember,,Q177257
kolnn,ember,,Q177257
kolren,ember,,Q177257
koph,cooking pot,warningKONTEXT,Q2366864
korbe,basket,,Q201097
kossell,cauldron,,Q1317634
kraucz das dunne sey wan man das auff den podem secz das es geleich auff stee das der podem woll gehobelt sey vnd ganncz,unsolved,,Q0
krebs schalen,crayfish shell,,Q107262384
krebs schallen,crayfish shell,,Q107262384
krebsschalen,crayfish shell,,Q107262384
kreps schallan,crayfish shell,,Q107262384
krueglein,jug,,Q2413314
krug,jug,,Q2413314
kruog,jug,,Q2413314
kuele,ember,,Q177257
kutraf glas,pinch bottle,,Q543866
kyssling,pebble,,Q14673
laden,workbench,warningKONTEXT,Q347690
laden,box,warningKONTEXT,Q188075
laimenn,loam,,Q1131303
lamppen,lamp,,Q1138737
lauetsch,container,,Q987767
lauetschen,container,,Q987767
lauetschs,container,,Q987767
laug,lye,,Q2122650
lawgen,lye,,Q2122650
leder,leather,,Q286
ledla,box,warningKONTEXT,Q188075
lefel,spoon,,Q81895
leffel,spoon,,Q81895
leffell,spoon,,Q81895
leffeln,spoon,,Q81895
leffen,spoon,,Q81895
leffl,spoon,,Q81895
leinbukch,alembic,,Q845242
leufel,spoon,,Q81895
leymen,loam,,Q1131303
lid,lid,warningKONTEXT,Q2488579
lidlein,pestle,,Q907209
liecht,light source,,Q1146001
liechtstain,light source,,Q1146001
liechtt,light source,,Q1146001
lilachen,bed sheet,,Q391788
lochereichten leffel,skimmer,,Q388428
lochorten loeffel,skimmer,,Q388428
loefel,spoon,,Q81895
loeffel,spoon,,Q81895
loeffelin,spoon,,Q81895
loeffell,spoon,,Q81895
loffel,spoon,,Q81895
loffel,spoon,,Q81895
loffell,spoon,,Q81895
lopffell,spoon,,Q81895
maermelstain,marble,,Q40861
maesser,knife,,Q32489
malter,container,,Q987767
mandlmuehl,almond grinder,,Q12716718
marmelstain,marble,,Q40861
mauschen,mortar,,Q45778
mayschen,mortar,,Q45778
medel,mold,,Q1941820
merser,mortar,,Q45778
meser,knife,,Q32489
messaer,knife,,Q32489
messer,knife,,Q32489
messeren,knife,,Q32489
messerlein,knife,,Q32489
messern,knife,,Q32489
messernn,knife,,Q32489
messerr,knife,,Q32489
messer ruggen,knife back,,Q1924166
messers rukch,knife back,,Q1924166
messerspicz,knife point,,Q1924211
metail,metal tool,,Q1746570
model,mold,,Q1941820
model als ein vogel oder haselhaym ist,poultry mold,,Q0
modell,mold,,Q1941820
modl,mold,,Q1941820
moedel,mold,,Q1941820
moersar,mortar,,Q45778
moersaer,mortar,,Q45778
moerscher,mortar,,Q45778
moerser,mortar,,Q45778
moeser,mortar,,Q45778
morsaer,mortar,,Q45778
morsar,mortar,,Q45778
morsel,mortar,,Q45778
morsel stein,mortar,,Q45778
morsell,mortar,,Q45778
morselstein,mortar,,Q45778
morser,mortar,,Q45778
morserr,mortar,,Q45778
morsner,mortar,,Q45778
morß,mortar,,Q45778
morsser,mortar,,Q45778
morßer,mortar,,Q45778
morßer,mortar,,Q45778
morsserr,mortar,,Q45778
morßerr,mortar,,Q45778
morsterstein,mortar,,Q45778
morszer,mortar,,Q45778
morszerr,mortar,,Q45778
mortario,mortar,,Q45778
moser,mortar,,Q45778
moßer,mortar,,Q45778
muellterlein,container,,Q987767
muelter,container,,Q987767
mueltter,container,,Q987767
muersel,mortar,,Q45778
muersing,mortar,,Q45778
muerssel,mortar,,Q45778
muerssing,mortar,,Q45778
mullternn,container,,Q987767
multer,container,,Q987767
muollter,container,,Q987767
muolter,container,,Q987767
mursing,mortar,,Q45778
nadlenn,larding needle,,Q107272836
napff,bowl,,Q153988
naph,bowl,,Q153988
nateln,larding needle,,Q107272836
nuersing,mortar,,Q45778
oberdekch,lid,,Q2488579
oeffen,baking oven,,Q36539
oelpawm,olea wood,,Q296910
ofem,baking oven,,Q36539
ofen,baking oven,,Q36539
ofenn,baking oven,,Q36539
offel,baking oven,,Q36539
offellein,baking oven,,Q36539
offen,baking oven,,Q36539
offendel,baking oven,,Q36539
offenn,baking oven,,Q36539
offenndel,baking oven,,Q36539
offlein,baking oven,,Q36539
oflein,baking oven,,Q36539
olla,pot,,Q15711817
ouen,baking oven,,Q36539
pachofen,baking oven,,Q36539
pachoffen,baking oven,,Q36539
pain,skull,,Q13147
paiss,tannin,,Q187607
paisse,tannin,,Q187607
panchk,workbench,,Q347690
panck,workbench,,Q347690
pankch,workbench,,Q347690
panne,pan,,Q127666
pannen,pan,,Q127666
pannum,cheesecloth,,Q2621157
papier,paper,,Q11472
papir,paper,,Q11472
pappier,paper,,Q11472
pappir,paper,,Q11472
pasteten pfann,dutch oven, ,Q262515
pasteten pfannen,dutch oven, ,Q262515
pawmwoll,cotton,,Q11457
pawtel,bag,,Q1323314
paysse,tannin,,Q187607
peawtel,bag,,Q1323314
pech,cup,,Q81727
pecher,cup,,Q81727
pecher schal,ricer,,Q2603627
peck,basin,,Q2383211
pecke,basin,,Q2383211
pekcher,basin,,Q2383211
peckh,basin,,Q2383211
pefferphan,sieve,,Q381155
pein,skull,,Q13147
peitel,bag,,Q1323314
pek,basin,,Q2383211
pennsel,brush,,Q614467
pesen,whisk,,Q263057
peuetel,bag,,Q1323314
peuttel,bag,,Q1323314
peyn,skull,,Q13147
peyttel,bag,,Q1323314
pfaeffer pfan,sieve,,Q381155
pfaendel,pan,,Q127666
pfaendlein,pan,,Q127666
pfaenelin,pan,,Q127666
pfaennlin,pan,,Q127666
pfaenndl,pan,,Q127666
pfaennelin,pan,,Q127666
pfan,pan,,Q127666
pfandlein,pan,,Q127666
pfanen,pan,,Q127666
pfann,pan,,Q127666
pfanne,pan,,Q127666
pfannen,pan,,Q127666
pfannenn,pan,,Q127666
pfannlein,pan,,Q127666
pfannn,pan,,Q127666
pfannnen,pan,,Q127666
pfannun,pan,,Q127666
pfawen faeder,peacock feather,,Q2353869
pfefer pfann,sieve,,Q381155
pfefer syb,cheesecloth,,Q2621157
pfeffer thuech,cheesecloth,,Q2621157
pfeffer tuoch,cheesecloth,,Q2621157
pfeffertuoch,cheesecloth,,Q2621157
pfeinlein,pan,,Q127666
pfendel,pan,,Q127666
pfendlein,pan,,Q127666
pfendlin,pan,,Q127666
pfenndlein,pan,,Q127666
pfenlein,pan,,Q127666
pfennlein,pan,,Q127666
pffann,pan,,Q127666
pffanen,pan,,Q127666
pffanenn,pan,,Q127666
pffannen,pan,,Q127666
pffeffer pfannen,sieve,,Q381155
pfendell,pan,,Q127666
pffendleinn,pan,,Q127666
pffenlennn,pan,,Q127666
pflaster,medicinal plaster,,Q65185066
pfryem,awl,,Q400406
pfrymen,awl,,Q400406
phaenn,pan,,Q127666
phahen federen,peacock feather,,Q2353869
phan,pan,,Q127666
phandel,pan,,Q127666
phandlen,pan,,Q127666
phandlin,pan,,Q127666
phanlin,pan,,Q127666
phann,pan,,Q127666
phandell,pan,,Q127666
phanndell,pan,,Q127666
phanne,pan,,Q127666
phannen,pan,,Q127666
phannenn,pan,,Q127666
phannn,pan,,Q127666
pheffer sib,cheesecloth,,Q2621157
pheffer tuch,cheesecloth,,Q2621157
pheffer tuech,cheesecloth,,Q2621157
phefferphan,sieve,,Q381155
pheffertuch,cheesecloth,,Q2621157
phenlein,pan,,Q127666
phenlin,pan,,Q127666
phenndlein,pan,,Q127666
phriem,awl,,Q400406
pimsen,unsolved,,Q0
pinczen,unsolved,,Q0
plachen,sheet pan,,Q502335
plaetel,unsolved,,Q0
plasenn,pig's bladder,,Q96756123
plaster,medicinal plaster,,Q65185066
plater,pig's bladder,,Q96756123
plateren,pig's bladder,,Q96756123
platern,pig's bladder,,Q96756123
platter,pig's bladder,,Q96756123
platteren,pig's bladder,,Q96756123
plattern,pig's bladder,,Q96756123
platterr,pig's bladder,,Q96756123
plech,sheet pan,,Q502335
pleteren,pig's bladder,,Q96756123
plosz,pig's bladder,,Q96756123
podelin,cutting board,,Q617239
postetten haffen,pie pot,,Q107272929
postetten haffen,pie pot,,Q107272929
poting,wooden tub,,Q651816
praetell,cutting board,,Q617239
pratspiez,spit,,Q20181361
pratspiezz,spit,,Q20181361
prattspiezz,spit,,Q20181361
prayten eisen,spatula,,Q15148
predt,cutting board,,Q617239
prennd,ember,,Q177257
prennt,ember,,Q177257
prenntlin,bucket,,Q47107
prenntt,ember,,Q177257
prenten,vat,,Q38942
prentlein,bucket,,Q47107
prentt,ember,,Q177257
press,press,warningPOS,Q107272838
preß,press,,Q107272838
pressen,press,,Q107272838
presss,press,,Q107272838
prest,press,,Q107272838
pret,cutting board,,Q617239
pretell,cutting board,,Q617239
preter,cutting board,,Q617239
pretel,cutting board,,Q617239
pretl,cutting board,,Q617239
pretlein,cutting board,,Q617239
prett,cutting board,,Q617239
prettel,cutting board,,Q617239
prettlein,cutting board,,Q617239
prezz,press,,Q107272838
prigel,stick,,Q10971443
proettle,cutting board,,Q617239
protlin,cutting board,,Q617239
prots rinden,bread crust,,Q990859
puchslein,tin can,,Q2846150
puchszenn,tin can,,Q2846150
puechslein,tin can,,Q2846150
pymsen,unsolved,,Q0
raiff,barrel hoop,,Q107272971
rar,metal cone,warningKONTEXT,Q97065692
rast,grate,warningPOS,Q96279691
rauch,smoke,,Q130768
reachel,pipe,,Q41551
reaindel,flat cooking pot,,Q107272834
rechel,pipe,,Q41551
reib eysen,grater,,Q192848
reib scherbem,mortar,,Q45778
reib scherben,mortar,,Q45778
reibscherben,mortar,,Q45778
reib scherbenn,mortar,,Q45778
reib scherem,mortar,,Q45778
reibschern,mortar,,Q45778
reib sib,sieve,,Q381155
reibsib,sieve,,Q381155
reib stain,quern-stone,,Q1543947
reibstain,quern-stone,,Q1543947
reybstain,quern-stone,,Q1543947
reidlen,flat cooking pot,,Q107272834
reind lein,flat cooking pot,,Q107272834
reindel,flat cooking pot,,Q107272834
reindelein,flat cooking pot,,Q107272834
reindell,flat cooking pot,,Q107272834
reindl,flat cooking pot,,Q107272834
reindlein,flat cooking pot,,Q107272834
reindlein,flat cooking pot,,Q107272834
reinell,flat cooking pot,,Q107272834
reitter,sieve,,Q381155
reittern,sieve,,Q381155
rendel,flat cooking pot,,Q107272834
reybeysen,grater,,Q192848
reydell,flat cooking pot,,Q107272834
reyn,flat cooking pot,,Q107272834
reyndel,flat cooking pot,,Q107272834
reyndell,flat cooking pot,,Q107272834
ribeisen,grater,,Q192848
ribeysen,grater,,Q192848
rib eysen,grater,,Q192848
ribeyssen,grater,,Q192848
rib scherbenn,mortar,,Q45778
ribscherbenn,mortar,,Q45778
rindlein,flat cooking pot,,Q107272834
rindleiy,flat cooking pot,,Q107272834
rindt,bread crust,,Q990859
rindten,bread crust,,Q990859
ring,cake ring,,Q2445096
rocken halm,rye stalk,,Q0
roerlein,pipe,,Q41551
roest,grate,warningPOS,Q96279691
roeste,grate,warningPOS,Q96279691
roist,grate,,Q96279691
ror,metal cone,warningKONTEXT,Q97065692
rosenhuett,alembic,,Q845242
roseysen,horseshoe,,Q192130
rosz eysen,horseshoe,,Q192130
rosz ysen,horseshoe,,Q192130
rosseisen,horseshoe,,Q192130
rosseissen,horseshoe,,Q192130
rosseyssen,horseshoe,,Q192130
roß ysen,horseshoe,,Q192130
rost,grate,warningPOS,Q96279691
rosysen,horseshoe,,Q192130
roszysen,horseshoe,,Q192130
rowst,grate,warningPOS,Q96279691
ruckschalen,crayfish shell,,Q107262384
rukch ains messers,knife back,,Q1924166
sachlin,bag,,Q1323314
sack,bag,,Q1323314
sackel,bag,,Q1323314
sackh,bag,,Q1323314
sackl,bag,,Q1323314
sacklein,bag,,Q1323314
saecklein,bag,,Q1323314
saekchlein,bag,,Q1323314
sakch,bag,,Q1323314
sakchel,bag,,Q1323314
sakchell,bag,,Q1323314
sakchelein,bag,,Q1323314
sakchlein,bag,,Q1323314
salsen schueschell,bowl,,Q153988
salsen schussellein,bowl,,Q153988
salsenn schuessell,bowl,,Q153988
salszenn schussell,bowl,,Q153988
sand,sand,,Q34679
sannd,sand,,Q34679
sartagine,pan,,Q127666
saw platern,pig's bladder,,Q96756123
saw plater,pig's bladder,,Q96756123
saw platter,pig's bladder,,Q96756123
saw platteren,pig's bladder,,Q96756123
sawplater,pig's bladder,,Q96756123
sawplateren,pig's bladder,,Q96756123
schaeffel,Schaff,,Q2230042
schaefflein,Schaff,,Q2230042
schaefflin,Schaff,,Q2230042
schaellan,eggshell,warningKONTEXT,Q2731253
schaesel,bowl,,Q153988
schaf,Schaff,,Q2230042
schaff,Schaff,,Q2230042
schaffel,Schaff,,Q2230042
schafflein,Schaff,,Q2230042
schafft,Schaff,,Q2230042
schaitten,spatula,,Q15148
schal,bowl,,Q153988
schalen,eggshell,warningKONTEXT,Q2731253
schalenn,eggshell,warningKONTEXT,Q2731253
schall,eggshell,warningKONTEXT,Q2731253
schallan,eggshell,warningKONTEXT,Q2731253
schallen,eggshell,warningKONTEXT,Q2731253
schapffen,unsolved,,Q0
schattelen,box,warningKONTEXT,Q188075
schaub,straw,,Q160066
schaufel,spatula,,Q15148
schauffel,shovel,,Q7220961
schawb,straw,,Q160066
scheaffel,Schaff,,Q2230042
scheffel,Schaff,,Q2230042
scheffl ,Schaff,,Q2230042
scheffle,Schaff,,Q2230042
schefflein,Schaff,,Q2230042
scheflin,Schaff,,Q2230042
schel,crayfish shell,,Q107262384
scher,container,,Q987767
scherben,container,,Q987767
scherbenn,container,,Q987767
scherblein,container,,Q987767
scherblin,container,,Q987767
scheriben,container,,Q987767
scherlen,container,,Q987767
schermm,container,,Q987767
scheufelein,spatula,,Q15148
scheyben,container,warninhKONTEXT,Q987767
scheyfelin,spatula,,Q15148
scheyffelen,spatula,,Q15148
scheyt,spatula,,Q15148
schin,wreath rail,,Q107272844
schindel,roof shingle,,Q2227106
schinen,rod,,Q1435416
schirb,container,,Q987767
schirben,container,,Q987767
schirbenn,container,,Q987767
schissel,bowl,,Q153988
schisselin,bowl,,Q153988
schissla,bowl,,Q153988
schisslan,bowl,,Q153988
schuassel,bowl,,Q153988
schueemleffel,skimmer,,Q388428
schueesselln,bowl,,Q153988
schueeszell,bowl,,Q153988
schueezzel,bowl,,Q153988
schueezzell,bowl,,Q153988
schueezzeln,bowl,,Q153988
schueezzelnn,bowl,,Q153988
schueezzll,bowl,,Q153988
schuem leffel,skimmer,,Q388428
schuemleffel,skimmer,,Q388428
schueschel,bowl,,Q153988
schuesel,bowl,,Q153988
schueselinen,bowl,,Q153988
schueslen,bowl,,Q153988
schueslenn,bowl,,Q153988
schuessel,bowl,,Q153988
schueßel,bowl,,Q153988
schueßl,bowl,,Q153988
schuesselein,bowl,,Q153988
schuesselin,bowl,,Q153988
schuesselinen,bowl,,Q153988
schuessell,bowl,,Q153988
schueßell,bowl,,Q153988
schuessellin,bowl,,Q153988
schuesseln,bowl,,Q153988
schuessl,bowl,,Q153988
schuesslen,bowl,,Q153988
schuesslenn,bowl,,Q153988
schuessli,bowl,,Q153988
schuessling,gravel,,Q133833
schueszel,bowl,,Q153988
schueszlen,bowl,,Q153988
schueszlin,bowl,,Q153988
schuezzel,bowl,,Q153988
schuezzell,bowl,,Q153988
schuezzellen,bowl,,Q153988
schuezzelln,bowl,,Q153988
schuezzellnn,bowl,,Q153988
schuezzeln,bowl,,Q153988
schuezzelnn,bowl,,Q153988
schuezzl,bowl,,Q153988
schuezzll,bowl,,Q153988
schuklein,bowl,,Q153988
schulsl,bowl,,Q153988
schulsslen,bowl,,Q153988
schuppel,bowl,,Q153988
schuschell,bowl,,Q153988
schusel,bowl,,Q153988
schuseln,bowl,,Q153988
schussel,bowl,,Q153988
schußel,bowl,,Q153988
schusselein,bowl,,Q153988
schusselen,bowl,,Q153988
schussell,bowl,,Q153988
schussellen,bowl,,Q153988
schusseln,bowl,,Q153988
schusselnn,bowl,,Q153988
schussl,bowl,,Q153988
schußl,bowl,,Q153988
schusslein,bowl,,Q153988
schusslenn,bowl,,Q153988
schuszelnn,bowl,,Q153988
schuszlin,bowl,,Q153988
schuzzel,bowl,,Q153988
schuzzeln,bowl,,Q153988
seakchlein,bag,,Q1323314
seckhlein,bag,,Q1323314
seckhlin,bag,,Q1323314
secklein,bag,,Q1323314
secklin,bag,,Q1323314
secklins,bag,,Q1323314
sehib,sieve,,Q381155
seichpfannen,sieve,,Q381155
seit farb,unsolved,,Q0
sekchel,bag,,Q1323314
sekchlein,bag,,Q1323314
sekchlen,bag,,Q1323314
seckelgin,bag,,Q1323314
seckelin,bag,,Q1323314
senfmuelen,mustard mill,,Q684883
serch tuoch,cheesecloth,,Q2621157
sew plasenn,pig's bladder,,Q96756123
seyhen,sieve,,Q381155
sib,sieve,,Q381155
siblein,sieve,,Q381155
siblin,sieve,,Q381155
sichtuch,cheesecloth,,Q2621157
sieb,sieve,,Q381155
siebetueche,unsolved,,Q0
sieblin,sieve,,Q381155
sieblin,sieve,,Q381155
sinbellen eysen,rounded iron rod,,Q107272839
sip,sieve,,Q381155
snuer,thread,,Q1391831
snur,thread,,Q1391831
spaenll,spatula,,Q15148
span,sawdust,,Q816713
spatel,spatula,,Q15148
spateln,spatula,,Q15148
speill,skewer,,Q1323569
speylenn,spit,,Q20181361
spicknadel,larding needle,,Q107272836
spicz,spit,,Q20181361
spiczz,spit,,Q20181361
spies,spit,,Q20181361
spiessel,spit,,Q20181361
spiessell,spit,,Q20181361
spiesz,spit,,Q20181361
spiez,spit,,Q20181361
spiezzel,spit,,Q20181361
spindelspicz,spindle,,Q213761
spis,spit,,Q20181361
spisch,spit,,Q20181361
spischlein,spit,,Q20181361
spisczlein,spit,,Q20181361
spisel,spit,,Q20181361
spisen,spit,,Q20181361
spisl,spit,,Q20181361
spislein,spit,,Q20181361
spislein von holcz,skewer,,Q1323569
spislin,spit,,Q20181361
spiss,spit,,Q20181361
spiß,spit,,Q20181361
spiß der hulczen sey,skewer,,Q1323569
spisse,spit,,Q20181361
spissel,spit,,Q20181361
spisselin,spit,,Q20181361
spissell,spit,,Q20181361
spissen,spit,,Q20181361
spisslein,spit,,Q20181361
spisslin,skewer,,Q1323569
spißlin,skewer,,Q1323569
spißlun,skewer,,Q1323569
spisz,spit,,Q20181361
spisß,spit,,Q20181361
spiszlein,spit,,Q20181361
spiszlin,spit,,Q20181361
spiszlin van holtze gemacht,skewer,,Q1323569
spitz,skewer,,Q1323569
spiz,skewer,warningKONTEXT,Q1323569
spizz,spit,,Q20181361
spizze,skewer,,Q1323569
spondt,bung,,Q11981837
spressell,spit,,Q20181361
springwuercz,unsolved,,Q0
springwurcz cholln,ember,,Q177257
spys,spit,,Q20181361
spyss,spit,,Q20181361
spyß,spit,,Q20181361
spyssel,spit,,Q20181361
spyßlin,spit,,Q20181361
spysslin,spit,,Q20181361
spysß,spit,,Q20181361
staebel,skewer,,Q1323569
staeblein,skewer,,Q1323569
stain,stone,,Q22731
stainen,stone,,Q22731
stanngen,rod,,Q1435416
stecken,skewer,,Q1323569
stehelenn blech,sheet metal,,Q211367
steilen blech,sheet metal,,Q211367
stein,stone,,Q22731
steinen,stone,,Q22731
steynen,stone,,Q22731
stoezzel,pestle,,Q907209
stossel,pestle,,Q907209
streu,straw,,Q160066
stro,straw,,Q160066
stroelein,straw,,Q189211
stuertzen,container,,Q987767
sturtz,container,,Q987767
suellen,awl,,Q400406
sulen,awl,,Q400406
suppen seidl,sieve,,Q381155
swammen,sponge,,Q1210980
syb,sieve,,Q381155
syeb,sieve,,Q381155
syep,sieve,,Q381155
sylen,awl,,Q400406
syv,sieve,,Q381155
tacht,candle wick,,Q849004
taeler,plate,,Q57216
taeller,plate,,Q57216
taellern,plate,,Q57216
taueln,cutting board,,Q617239
tauffel,woodstave,,Q1172769
tegel,container,,Q987767
tegell,container,,Q987767
teig haff,pie pot,,Q107272929
teig haffen,pie pot,,Q107272929
teig haffenn,pie pot,,Q107272929
teig pfan,pie pot,,Q107272929
teig pfanen,pie pot,,Q107272929
teig pfann,pie pot,,Q107272929
teig pfannen,pie pot,,Q107272929
teig phan,pie pot,,Q107272929
teighafen,pie pot,,Q107272929
teighafenn,pie pot,,Q107272929
teighaffenn,pie pot,,Q107272929
teigphan,pie pot,,Q107272929
teigphanne,pie pot,,Q107272929
teigphannen,pie pot,,Q107272929
teler,plate,,Q57216
teller,plate,,Q57216
tellerr,plate,,Q57216
teuch,cheesecloth,,Q2621157
thuch,cheesecloth,,Q2621157
thuech,cheesecloth,,Q2621157
thueech,cheesecloth,,Q2621157
thurch slag,sieve,,Q381155
tigel,container,,Q987767
tigell,container,,Q987767
tisch pret,cutting board,,Q617239
tischs,table,,Q14748
toippen,cooking pot,,Q2366864
topf,cooking pot,,Q2366864
topf der ain loch hab als grosz als ain finger,funnel,,Q29957
topf,cooking pot,,Q2366864
topff,cooking pot,,Q2366864
topffh von taig ,pie pot,,Q107272929
topfflein,cooking pot,,Q2366864
topfhen,pie pot,warningKONTEXT,Q107272929
topflein,cooking pot,,Q2366864
topf von taig,pie pot,,Q107272929
toph,cooking pot,,Q2366864
toph von taig,pie pot,,Q107272929
toph von taig,pie pot,,Q107272929
tophen,pie pot,warningKONTEXT,Q107272929
tophfen,pie pot,warningKONTEXT,Q107272929
tophff,pie pot,warningKONTEXT,Q107272929
tophff von taig,pie pot,,Q107272929
tophffen,pie pot,warningKONTEXT,Q107272929
tophffen,pie pot,warningKONTEXT,Q107272929
tophlein,cooking pot,,Q2366864
toppfel,cooking pot,,Q2366864
toppfen,cooking pot,,Q2366864
topph,cooking pot,,Q2366864
topphfen,cooking pot,,Q2366864
trachter,funnel,,Q29957
treyfues,tripod,,Q1257352
treyfuosz,tripod,,Q1257352
tribl,rolling pin,,Q207763
trichter,funnel,,Q29957
triffueß,tripod,,Q1257352
trifues,tripod,,Q1257352
trifuees,tripod,,Q1257352
trifueß,tripod,,Q1257352
trifuesz,tripod,,Q1257352
trifusz,tripod,,Q1257352
tuach,cheesecloth,,Q2621157
tuch,cheesecloth,,Q2621157
tuch,cheesecloth,,Q2621157
tuche,cheesecloth,,Q2621157
tuchel,cheesecloth,,Q2621157
tuchlin,cheesecloth,,Q2621157
tuech,cheesecloth,,Q2621157
tuech,cheesecloth,,Q2621157
tueche,cheesecloth,,Q2621157
tuechel,cheesecloth,,Q2621157
tuechelein,cheesecloth,,Q2621157
tuechernn,cheesecloth,,Q2621157
tuechlein,cheesecloth,,Q2621157
tuechlin,cheesecloth,,Q2621157
tueech,cheesecloth,,Q2621157
tueechl,cheesecloth,,Q2621157
tuennst,steam,,Q3251738
tuepfe,cooking pot,,Q2366864
tuchlein,cheesecloth,,Q2621157
tuoch,cheesecloth,,Q2621157
tuoche,cheesecloth,,Q2621157
tuoech,cheesecloth,,Q2621157
twierel,whisk,,Q263057
twirll,whisk,,Q263057
twitel,whisk,,Q263057
tygel,container,,Q987767
tygell,container,,Q987767
tymppten,ink,,Q127418
tzwerklein,skewer,,Q1323569
tzwirel,whisk,,Q263057
ueberdekch,lid,warningKONTEXT,Q2488579
vadem,thread,,Q1391831
vaden,thread,,Q1391831
vadenn,thread,,Q1391831
vaeezzel,barrel,,Q10289
vaeezzell,barrel,,Q10289
vaessel,barrel,,Q10289
vaeszlein,barrel,,Q10289
vaffel,barrel,,Q10289
varmm,thread,,Q1391831
vas,barrel,warningPOS,Q10289
vaslein,barrel,,Q10289
vass,barrel,warningPOS,Q10289
vassel,barrel,,Q10289
vassell,barrel,,Q10289
vasz,barrel,warningPOS,Q10289
vaz,barrel,,Q10289
vazz,barrel,,Q10289
vazze,barrel,,Q10289
vazzs,barrel,,Q10289
vederen,feather,,Q81025
velg,sausage stuffing tube,,Q107272840
verderen,nib,warningKONTEXT,Q14524064
vessel,barrel,,Q10289
vessell,barrel,,Q10289
veßlein,barrel,,Q10289
veszel,barrel,,Q10289
veszlein,barrel,,Q10289
veszlin,barrel,,Q10289
veygpawmyn koelln,ember,,Q177257
vezzel,barrel,,Q10289
vezzell,barrel,,Q10289
viuer,ember,,Q177257
viuere,ember,,Q177257
vnnder richt,unsolved,,Q0
walczen,rolling pin,,Q207763
walg holcz,rolling pin,,Q207763
walgholcz,rolling pin,,Q207763
walgholtz,rolling pin,,Q207763
wallczen,rolling pin,,Q207763
waltzen,rolling pin,,Q207763
wegel holtz,rolling pin,,Q207763
wegelholtz,rolling pin,,Q207763
welg holcz,rolling pin,,Q207763
wegen,kitchen scales,,Q1796864
welgel holtz,rolling pin,,Q207763
welger hultz,rolling pin,,Q207763
welgerhultz,rolling pin,,Q207763
welholtz,rolling pin,,Q207763
welig holcz,rolling pin,,Q207763
wellen,rolling pin,,Q207763
weystuch,cheesecloth,,Q2621157
wolffs zannd,canine tooth,,Q19625
zannd,tooth,warningKONTEXT,Q553
zapphen,cone,,Q42344
zbayholczer In den varmm wenn man sy zw samen druckt das sy einen vornn machent als ein rephon,partridge mold,,Q107272868
zcweck,skewer,,Q1323569
zcwecke,skewer,,Q1323569
zcwecken,skewer,,Q1323569
zcwecklin,skewer,,Q1323569
ziegel,brick,,Q40089
ziegel stain,brick,,Q40089
ziegell stain,brick,,Q40089
ziegelstain,brick,,Q40089
zigelofen,masonry kiln,,Q908601
zin,container,,Q987767
zway holcz In der formm zwayer repphuenr wenn man die zusamen drukcht das es formm macht als ein repphuenn,partridge mold,,Q107272868
zway holczer in der formm zwaier rephuner wenn man die zu samen drukcht das es formm macht als ein rephun,partridge mold,,Q107272868
zway holczer Inder formm wen sy zw samen truck daz sy ein formm machent als eyn repphuen,partridge mold,,Q107272868
zweck,skewer,,Q1323569
zweckchlein,skewer,,Q1323569
zwecken,skewer,,Q1323569
zwecklin,skewer,,Q1323569
zwekchlein,skewer,,Q1323569
zwen stacken vor kuelpot als dy maurochen,morel shaping tool,,Q107272837
zwen stekchen vornn chuellpatt als die maurochen,morel shaping tool,,Q107272837
zyegel,brick,,Q40089